Date,GBP_USD
12/1/2003,1.718597
12/2/2003,1.730313
12/3/2003,1.728101
12/4/2003,1.720697
12/5/2003,1.733102
12/8/2003,1.734214
12/9/2003,1.745414
12/10/2003,1.739796
12/11/2003,1.746206
12/12/2003,1.747305
12/15/2003,1.747305
12/16/2003,1.754201
12/17/2003,1.765506
12/18/2003,1.771009
12/19/2003,1.765194
12/22/2003,1.764291
12/23/2003,1.764197
12/24/2003,1.7756
12/25/2003,1.775411
12/26/2003,1.772013
12/29/2003,1.774497
12/30/2003,1.777999
12/31/2003,1.788813
1/1/2004,1.785204
1/2/2004,1.79369
1/5/2004,1.807207
1/6/2004,1.821295
1/7/2004,1.817785
1/8/2004,1.833887
1/9/2004,1.848087
1/12/2004,1.845597
1/13/2004,1.848805
1/14/2004,1.831703
1/15/2004,1.825184
1/16/2004,1.799014
1/19/2004,1.783294
1/20/2004,1.81881
1/21/2004,1.832811
1/22/2004,1.843692
1/23/2004,1.827786
1/26/2004,1.815014
1/27/2004,1.826684
1/28/2004,1.815113
1/29/2004,1.817092
1/30/2004,1.825284
2/2/2004,1.821593
2/3/2004,1.837898
2/4/2004,1.832206
2/5/2004,1.83621
2/6/2004,1.847507
2/9/2004,1.859704
2/10/2004,1.867309
2/11/2004,1.892506
2/12/2004,1.893007
2/13/2004,1.885298
2/16/2004,1.888788
2/17/2004,1.905597
2/18/2004,1.892613
2/19/2004,1.899191
2/20/2004,1.861989
2/23/2004,1.86839
2/24/2004,1.890002
2/25/2004,1.872309
2/26/2004,1.863308
2/27/2004,1.869508
3/1/2004,1.867902
3/2/2004,1.838202
3/3/2004,1.827586
3/4/2004,1.822988
3/5/2004,1.845393
3/8/2004,1.85271
3/9/2004,1.826084
3/10/2004,1.803394
3/11/2004,1.810184
3/12/2004,1.80411
3/15/2004,1.804891
3/16/2004,1.813204
3/17/2004,1.816795
3/18/2004,1.835401
3/19/2004,1.834189
3/22/2004,1.847507
3/23/2004,1.852092
3/24/2004,1.825284
3/25/2004,1.807991
3/26/2004,1.817686
3/29/2004,1.819604
3/30/2004,1.827586
3/31/2004,1.843386
4/1/2004,1.856493
4/2/2004,1.828087
4/5/2004,1.823786
4/6/2004,1.843488
4/7/2004,1.840197
4/8/2004,1.831099
4/9/2004,1.833786
4/12/2004,1.837898
4/13/2004,1.818116
4/14/2004,1.789805
4/15/2004,1.791408
4/16/2004,1.7963
4/19/2004,1.807109
4/20/2004,1.7853
4/21/2004,1.769504
4/22/2004,1.775285
4/23/2004,1.773207
4/26/2004,1.786001
4/27/2004,1.79189
4/28/2004,1.771009
4/29/2004,1.773396
4/30/2004,1.7786
5/3/2004,1.771385
5/4/2004,1.795687
5/5/2004,1.790991
5/6/2004,1.794591
5/7/2004,1.789197
5/10/2004,1.777209
5/11/2004,1.760315
5/12/2004,1.772201
5/13/2004,1.760315
5/14/2004,1.758613
5/17/2004,1.771197
5/18/2004,1.766785
5/19/2004,1.782086
5/20/2004,1.775505
5/21/2004,1.789613
5/24/2004,1.791697
5/25/2004,1.812513
5/26/2004,1.814915
5/27/2004,1.836615
5/28/2004,1.832912
5/31/2004,1.83261
6/1/2004,1.840604
6/2/2004,1.83429
6/3/2004,1.839588
6/4/2004,1.838911
6/7/2004,1.841214
6/8/2004,1.839486
6/9/2004,1.828087
6/10/2004,1.841994
6/11/2004,1.817785
6/14/2004,1.814191
6/15/2004,1.833584
6/16/2004,1.825184
6/17/2004,1.834391
6/18/2004,1.839283
6/21/2004,1.833113
6/22/2004,1.821991
6/23/2004,1.816992
6/24/2004,1.823686
6/25/2004,1.826084
6/28/2004,1.829993
6/29/2004,1.809005
6/30/2004,1.820201
7/1/2004,1.8203
7/2/2004,1.829592
7/5/2004,1.830999
7/6/2004,1.840604
7/7/2004,1.85429
7/8/2004,1.850789
7/9/2004,1.861816
7/12/2004,1.861989
7/13/2004,1.857597
7/14/2004,1.856011
7/15/2004,1.852984
7/16/2004,1.8728
7/19/2004,1.868111
7/20/2004,1.85271
7/21/2004,1.839791
7/22/2004,1.844916
7/23/2004,1.833013
7/26/2004,1.841316
7/27/2004,1.822988
7/28/2004,1.822888
7/29/2004,1.818116
7/30/2004,1.822091
8/2/2004,1.824285
8/3/2004,1.824884
8/4/2004,1.825484
8/5/2004,1.823985
8/6/2004,1.840096
8/9/2004,1.840909
8/10/2004,1.827886
8/11/2004,1.830597
8/12/2004,1.823087
8/13/2004,1.842706
8/16/2004,1.841383
8/17/2004,1.827586
8/18/2004,1.823686
8/19/2004,1.83261
8/20/2004,1.819207
8/23/2004,1.809398
8/24/2004,1.792307
8/25/2004,1.796396
8/26/2004,1.795687
8/27/2004,1.790286
8/30/2004,1.795203
8/31/2004,1.802484
9/1/2004,1.7934
9/2/2004,1.791601
9/3/2004,1.77601
9/6/2004,1.780405
9/7/2004,1.775001
9/8/2004,1.787406
9/9/2004,1.789805
9/10/2004,1.800115
9/13/2004,1.7973
9/14/2004,1.797785
9/15/2004,1.776609
9/16/2004,1.79369
9/17/2004,1.791794
9/20/2004,1.786799
9/21/2004,1.796687
9/22/2004,1.793915
9/23/2004,1.797914
9/24/2004,1.804891
9/27/2004,1.811594
9/28/2004,1.813697
9/29/2004,1.80031
9/30/2004,1.812809
10/1/2004,1.799111
10/4/2004,1.784312
10/5/2004,1.782912
10/6/2004,1.779486
10/7/2004,1.782499
10/8/2004,1.795203
10/11/2004,1.798691
10/12/2004,1.791088
10/13/2004,1.793304
10/14/2004,1.797107
10/15/2004,1.804598
10/18/2004,1.797785
10/19/2004,1.803914
10/20/2004,1.816299
10/21/2004,1.827485
10/22/2004,1.829291
10/25/2004,1.84179
10/26/2004,1.835907
10/27/2004,1.828087
10/28/2004,null
10/29/2004,1.8381
11/1/2004,1.83271
11/2/2004,1.839791
11/3/2004,1.847609
11/4/2004,1.843896
11/5/2004,1.857286
11/8/2004,1.854599
11/9/2004,1.855701
11/10/2004,1.846892
11/11/2004,1.843114
11/12/2004,1.857286
11/15/2004,1.846415
11/16/2004,1.85319
11/17/2004,1.859393
11/18/2004,1.848292
11/19/2004,1.860084
11/22/2004,1.859808
11/23/2004,1.868984
11/24/2004,1.881114
11/25/2004,1.89179
11/26/2004,1.893509
11/29/2004,1.892506
11/30/2004,1.9096
12/1/2004,1.933114
12/2/2004,1.924002
12/3/2004,1.944088
12/6/2004,1.936708
12/7/2004,1.945109
12/8/2004,1.937083
12/9/2004,1.923299
12/10/2004,1.91329
12/13/2004,1.923817
12/14/2004,1.927488
12/15/2004,1.942502
12/16/2004,1.931397
12/17/2004,1.942011
12/20/2004,1.947003
12/21/2004,1.929012
12/22/2004,1.914902
12/23/2004,1.923891
12/24/2004,1.921894
12/27/2004,1.93491
12/28/2004,1.927191
12/29/2004,1.917913
12/30/2004,1.923817
12/31/2004,1.919791
1/3/2005,1.904617
1/4/2005,1.883594
1/5/2005,1.885512
1/6/2005,1.87649
1/7/2005,1.871293
1/10/2005,1.876912
1/11/2005,1.878605
1/12/2005,1.890716
1/13/2005,1.881008
1/14/2005,1.870592
1/17/2005,1.857286
1/18/2005,1.863308
1/19/2005,1.870907
1/20/2005,1.870592
1/21/2005,1.877194
1/24/2005,1.878887
1/25/2005,1.864315
1/26/2005,1.882105
1/27/2005,1.891003
1/28/2005,1.888788
1/31/2005,1.884197
2/1/2005,1.88331
2/2/2005,1.884694
2/3/2005,1.882388
2/4/2005,1.873291
2/7/2005,1.858011
2/8/2005,1.853912
2/9/2005,1.859185
2/10/2005,1.868111
2/11/2005,1.869893
2/14/2005,1.887184
2/15/2005,1.895303
2/16/2005,1.884197
2/17/2005,1.895016
2/18/2005,1.894513
2/21/2005,1.896813
2/22/2005,1.911205
2/23/2005,1.906396
2/24/2005,1.907487
2/25/2005,1.919607
2/28/2005,1.919202
3/1/2005,1.918686
3/2/2005,1.913107
3/3/2005,1.906905
3/4/2005,1.923299
3/7/2005,1.914902
3/8/2005,1.928603
3/9/2005,1.922707
3/10/2005,1.923817
3/11/2005,1.926411
3/14/2005,1.913802
3/15/2005,1.913217
3/16/2005,1.927302
3/17/2005,1.925187
3/18/2005,1.922818
3/21/2005,1.895986
3/22/2005,1.885583
3/23/2005,1.870592
3/24/2005,1.86839
3/25/2005,1.871713
3/28/2005,1.866298
3/29/2005,1.87561
3/30/2005,1.877405
3/31/2005,1.889502
4/1/2005,1.884091
4/4/2005,1.876313
4/5/2005,1.879911
4/6/2005,1.879487
4/7/2005,1.870697
4/8/2005,1.886401
4/11/2005,1.890288
4/12/2005,1.891217
4/13/2005,1.894298
4/14/2005,1.879487
4/15/2005,1.893186
4/18/2005,1.90429
4/19/2005,1.917215
4/20/2005,1.918392
4/21/2005,1.909016
4/22/2005,1.913985
4/25/2005,1.911607
4/26/2005,1.905706
4/27/2005,1.903493
4/28/2005,1.907814
4/29/2005,1.90949
5/2/2005,1.894801
5/3/2005,1.893688
5/4/2005,1.902117
5/5/2005,1.902515
5/6/2005,1.891611
5/9/2005,1.884801
5/10/2005,1.885903
5/11/2005,1.873501
5/12/2005,1.863516
5/13/2005,1.849694
5/16/2005,1.839013
5/17/2005,1.833987
5/18/2005,1.839588
5/19/2005,1.835502
5/20/2005,1.828889
5/23/2005,1.829291
5/24/2005,1.826885
5/25/2005,1.831602
5/26/2005,1.820399
5/27/2005,1.824784
5/30/2005,1.823586
5/31/2005,1.817686
6/1/2005,1.809889
6/2/2005,1.815706
6/3/2005,1.815212
6/6/2005,1.824085
6/7/2005,1.833315
6/8/2005,1.824385
6/9/2005,1.820797
6/10/2005,1.812809
6/13/2005,1.808089
6/14/2005,1.806097
6/15/2005,1.823187
6/16/2005,1.822589
6/17/2005,1.831502
6/20/2005,1.822589
6/21/2005,1.827986
6/22/2005,1.820897
6/23/2005,1.815607
6/24/2005,1.824085
6/27/2005,1.828588
6/28/2005,1.817191
6/29/2005,1.806815
6/30/2005,1.790286
7/1/2005,1.76891
7/4/2005,1.760408
7/5/2005,1.757994
7/6/2005,1.751989
7/7/2005,1.742707
7/8/2005,1.738586
7/11/2005,1.756913
7/12/2005,1.776893
7/13/2005,1.763606
7/14/2005,1.757994
7/15/2005,1.750915
7/18/2005,1.747213
7/19/2005,1.736593
7/20/2005,1.741008
7/21/2005,1.753709
7/22/2005,1.739009
7/25/2005,1.746298
7/26/2005,1.737106
7/27/2005,1.743102
7/28/2005,1.755803
7/29/2005,1.758211
8/1/2005,1.76819
8/2/2005,1.771197
8/3/2005,1.777809
8/4/2005,1.781103
8/5/2005,1.77879
8/8/2005,1.784599
8/9/2005,1.787885
8/10/2005,1.796203
8/11/2005,1.812513
8/12/2005,1.815113
8/15/2005,1.809693
8/16/2005,1.809103
8/17/2005,1.806587
8/18/2005,1.794688
8/19/2005,1.795107
8/22/2005,1.801315
8/23/2005,1.800893
8/24/2005,1.800407
8/25/2005,1.802614
8/26/2005,1.800601
8/29/2005,1.796493
8/30/2005,1.785906
8/31/2005,1.803394
9/1/2005,1.83261
9/2/2005,1.842299
9/5/2005,1.842808
9/6/2005,1.84101
9/7/2005,1.836716
9/8/2005,1.836008
9/9/2005,1.839486
9/12/2005,1.820996
9/13/2005,1.822789
9/14/2005,1.822888
9/15/2005,1.807599
9/16/2005,1.808711
9/19/2005,1.802906
9/20/2005,1.797688
9/21/2005,null
9/22/2005,1.791794
9/23/2005,1.775694
9/26/2005,1.778885
9/27/2005,1.767097
9/28/2005,1.769191
9/29/2005,1.758891
9/30/2005,1.764602
10/3/2005,1.752511
10/4/2005,1.758396
10/5/2005,1.76891
10/6/2005,1.777493
10/7/2005,1.760811
10/10/2005,1.753986
10/11/2005,1.745414
10/12/2005,1.752295
10/13/2005,1.754694
10/14/2005,1.76891
10/17/2005,1.753094
10/18/2005,1.748313
10/19/2005,1.763295
10/20/2005,1.774308
10/21/2005,1.768691
10/24/2005,1.76891
10/25/2005,1.78409
10/26/2005,1.775915
10/27/2005,1.783898
10/28/2005,1.77371
10/31/2005,1.768784
11/1/2005,1.764789
11/2/2005,1.776104
11/3/2005,1.771385
11/4/2005,1.750087
11/7/2005,1.743406
11/8/2005,1.742494
11/9/2005,1.744014
11/10/2005,1.74019
11/11/2005,1.740795
11/14/2005,1.737589
11/15/2005,1.736714
11/16/2005,1.718892
11/17/2005,1.719897
11/18/2005,1.715707
11/21/2005,1.71609
11/22/2005,1.721496
11/23/2005,1.722089
11/24/2005,1.722504
11/25/2005,1.715707
11/28/2005,1.728489
11/29/2005,1.716886
11/30/2005,1.730912
12/1/2005,1.733012
12/2/2005,1.733914
12/5/2005,1.741614
12/6/2005,1.742707
12/7/2005,1.735087
12/8/2005,1.752111
12/9/2005,1.755187
12/12/2005,1.774591
12/13/2005,1.7701
12/14/2005,1.771385
12/15/2005,1.765287
12/16/2005,1.772987
12/19/2005,1.762611
12/20/2005,1.756605
12/21/2005,1.744714
12/22/2005,1.73771
12/23/2005,1.733403
12/26/2005,1.730613
12/27/2005,1.730014
12/28/2005,1.71969
12/29/2005,1.725209
12/30/2005,1.720697
1/2/2006,1.719188
1/3/2006,1.748588
1/4/2006,1.757315
1/5/2006,1.75531
1/6/2006,1.770789
1/9/2006,1.764602
1/10/2006,1.764509
1/11/2006,1.766691
1/12/2006,1.760904
1/13/2006,1.777493
1/16/2006,1.76641
1/17/2006,1.76719
1/18/2006,1.762208
1/19/2006,1.757006
1/20/2006,1.771009
1/23/2006,1.786512
1/24/2006,1.783485
1/25/2006,1.78409
1/26/2006,1.781388
1/27/2006,1.76769
1/30/2006,1.767097
1/31/2006,1.7786
2/1/2006,1.774906
2/2/2006,1.7786
2/3/2006,1.762705
2/6/2006,1.747091
2/7/2006,1.746603
2/8/2006,1.741311
2/9/2006,1.745597
2/10/2006,1.744592
2/13/2006,1.743102
2/14/2006,1.736111
2/15/2006,1.740311
2/16/2006,1.739493
2/17/2006,1.742585
2/20/2006,1.744896
2/21/2006,1.745901
2/22/2006,1.744014
2/23/2006,1.752203
2/24/2006,1.7445
2/27/2006,1.739887
2/28/2006,1.754201
3/1/2006,1.749996
3/2/2006,1.753494
3/3/2006,1.755895
3/6/2006,1.749904
3/7/2006,1.736503
3/8/2006,1.736805
3/9/2006,1.73581
3/10/2006,1.726311
3/13/2006,1.73581
3/14/2006,1.747
3/15/2006,1.747702
3/16/2006,1.75679
3/17/2006,1.756512
3/20/2006,1.75571
3/21/2006,1.749108
3/22/2006,1.746786
3/23/2006,1.734305
3/24/2006,1.742585
3/27/2006,1.746389
3/28/2006,1.743011
3/29/2006,1.735207
3/30/2006,1.747091
3/31/2006,1.73771
4/3/2006,1.740008
4/4/2006,1.755402
4/5/2006,1.752695
4/6/2006,1.751712
4/7/2006,1.744105
4/10/2006,1.743314
4/11/2006,1.749598
4/12/2006,1.751314
4/13/2006,1.753094
4/14/2006,1.752787
4/17/2006,1.769912
4/18/2006,1.783994
4/19/2006,1.791986
4/20/2006,1.777999
4/21/2006,1.78269
4/24/2006,1.787214
4/25/2006,1.787885
4/26/2006,1.784886
4/27/2006,1.801899
4/28/2006,1.825984
5/1/2006,1.825284
5/2/2006,1.839013
5/3/2006,1.839486
5/4/2006,1.851989
5/5/2006,1.8596
5/8/2006,1.858114
5/9/2006,1.867588
5/10/2006,1.862614
5/11/2006,1.885014
5/12/2006,1.895088
5/15/2006,1.876313
5/16/2006,1.887398
5/17/2006,1.882495
5/18/2006,1.893294
5/19/2006,1.880017
5/22/2006,1.885085
5/23/2006,1.877088
5/24/2006,1.871293
5/25/2006,1.87561
5/26/2006,1.859704
5/29/2006,1.859911
5/30/2006,1.881715
5/31/2006,1.871608
6/1/2006,1.866403
6/2/2006,1.882211
6/5/2006,1.871398
6/6/2006,1.860915
6/7/2006,1.857217
6/8/2006,1.843114
6/9/2006,1.840705
6/12/2006,1.84179
6/13/2006,1.833786
6/14/2006,1.844916
6/15/2006,1.850002
6/16/2006,1.848497
6/19/2006,1.840909
6/20/2006,1.843386
6/21/2006,1.845086
6/22/2006,1.828387
6/23/2006,1.820499
6/26/2006,1.823487
6/27/2006,1.820897
6/28/2006,1.817884
6/29/2006,1.828287
6/30/2006,1.84901
7/3/2006,1.842401
7/4/2006,1.844984
7/5/2006,1.835705
7/6/2006,1.837492
7/7/2006,1.851406
7/10/2006,1.843114
7/11/2006,1.845086
7/12/2006,1.835098
7/13/2006,1.844406
7/14/2006,1.836514
7/17/2006,1.819604
7/18/2006,1.825584
7/19/2006,1.84291
7/20/2006,1.849283
7/21/2006,1.858701
7/24/2006,1.849694
7/25/2006,1.84101
7/26/2006,1.854393
7/27/2006,1.858011
7/28/2006,1.865011
7/31/2006,1.868216
8/1/2006,1.875997
8/2/2006,1.878111
8/3/2006,1.887184
8/4/2006,1.909782
8/7/2006,1.904798
8/8/2006,1.89811
8/9/2006,1.906287
8/10/2006,1.894334
8/11/2006,1.890788
8/14/2006,1.888503
8/15/2006,1.894585
8/16/2006,1.89631
8/17/2006,1.885298
8/18/2006,1.881715
8/21/2006,1.891611
8/22/2006,1.888788
8/23/2006,1.892112
8/24/2006,1.888111
8/25/2006,1.888004
8/28/2006,1.895088
8/29/2006,1.899696
8/30/2006,1.905089
8/31/2006,1.903094
9/1/2006,1.905996
9/4/2006,1.905597
9/5/2006,1.895016
9/6/2006,1.88601
9/7/2006,1.875785
9/8/2006,1.866089
9/11/2006,1.866089
9/12/2006,1.875399
9/13/2006,1.877687
9/14/2006,1.885903
9/15/2006,1.877899
9/18/2006,1.881184
9/19/2006,1.881786
9/20/2006,1.887291
9/21/2006,1.902189
9/22/2006,1.901683
9/25/2006,1.900599
9/26/2006,1.895016
9/27/2006,1.889288
9/28/2006,1.876701
9/29/2006,1.871713
10/2/2006,1.886899
10/3/2006,1.885903
10/4/2006,1.886401
10/5/2006,1.878605
10/6/2006,1.871293
10/9/2006,1.867483
10/10/2006,1.853603
10/11/2006,1.85484
10/12/2006,1.859496
10/13/2006,1.855184
10/16/2006,1.862301
10/17/2006,1.871783
10/18/2006,1.867483
10/19/2006,1.877088
10/20/2006,1.883097
10/23/2006,1.873501
10/24/2006,1.873501
10/25/2006,1.878993
10/26/2006,1.890609
10/27/2006,1.896885
10/30/2006,1.899804
10/31/2006,1.908288
11/1/2006,1.907305
11/2/2006,1.908215
11/3/2006,1.901105
11/6/2006,1.89829
11/7/2006,1.905597
11/8/2006,1.905197
11/9/2006,1.906905
11/10/2006,1.912192
11/13/2006,1.905052
11/14/2006,1.896202
11/15/2006,1.889395
11/16/2006,1.888396
11/17/2006,1.89811
11/20/2006,1.897389
11/21/2006,1.899516
11/22/2006,1.914608
11/23/2006,1.916002
11/24/2006,1.931882
11/27/2006,1.93821
11/28/2006,1.953201
11/29/2006,1.946018
11/30/2006,1.966414
12/1/2006,1.980512
12/4/2006,1.980786
12/5/2006,1.973515
12/6/2006,1.966414
12/7/2006,1.962786
12/8/2006,1.954385
12/11/2006,1.960016
12/12/2006,1.971298
12/13/2006,1.967807
12/14/2006,1.962208
12/15/2006,1.953888
12/18/2006,1.948482
12/19/2006,1.971298
12/20/2006,1.965795
12/21/2006,1.962516
12/22/2006,1.957905
12/25/2006,1.959209
12/26/2006,1.955608
12/27/2006,1.956985
12/28/2006,1.962208
12/29/2006,1.959209
1/1/2007,1.964212
1/2/2007,1.973399
1/3/2007,1.95221
1/4/2007,1.942993
1/5/2007,1.9308
1/8/2007,1.940316
1/9/2007,1.939187
1/10/2007,1.932404
1/11/2007,1.944504
1/12/2007,1.957215
1/15/2007,1.964405
1/16/2007,1.961207
1/17/2007,1.970599
1/18/2007,1.974217
1/19/2007,1.973204
1/22/2007,1.97691
1/23/2007,1.9822
1/24/2007,1.968
1/25/2007,1.9651
1/26/2007,1.9599
1/29/2007,1.961784
1/30/2007,1.962092
1/31/2007,1.963402
2/1/2007,1.96711
2/2/2007,1.966182
2/5/2007,1.960784
2/6/2007,1.970987
2/7/2007,1.971453
2/8/2007,1.95871
2/9/2007,1.982789
2/12/2007,1.947306
2/13/2007,1.94579
2/14/2007,1.964907
2/15/2007,1.95141
2/16/2007,1.950116
2/19/2007,1.950915
2/20/2007,1.956411
2/21/2007,1.953697
2/22/2007,1.956411
2/23/2007,1.962708
2/26/2007,1.963903
2/27/2007,1.962708
2/28/2007,1.964019
3/1/2007,1.957598
3/2/2007,1.942615
3/5/2007,1.920787
3/6/2007,1.935209
3/7/2007,1.930092
3/8/2007,1.929794
3/9/2007,1.934199
3/12/2007,1.932218
3/13/2007,1.928789
3/14/2007,1.938886
3/15/2007,1.938698
3/16/2007,1.942615
3/19/2007,1.946207
3/20/2007,1.9619
3/21/2007,1.96831
3/22/2007,1.9651
3/23/2007,1.962516
3/26/2007,1.970094
3/27/2007,1.9668
3/28/2007,1.962593
3/29/2007,1.963209
3/30/2007,1.952515
4/2/2007,1.9782
4/3/2007,1.973399
4/4/2007,1.976402
4/5/2007,1.971492
4/6/2007,1.985506
4/9/2007,1.962016
4/10/2007,1.971803
4/11/2007,1.976206
4/12/2007,1.980394
4/13/2007,1.986492
4/16/2007,1.988704
4/17/2007,2.007387
4/18/2007,2.009
4/19/2007,2.003607
4/20/2007,2.004611
4/23/2007,2.001001
4/24/2007,2.002082
4/25/2007,2.002002
4/26/2007,1.990485
4/27/2007,1.998601
4/30/2007,2
5/1/2007,1.998082
5/2/2007,1.988783
5/3/2007,1.987993
5/4/2007,1.976089
5/7/2007,1.993501
5/8/2007,1.989614
5/9/2007,1.993382
5/10/2007,1.97961
5/11/2007,1.982711
5/14/2007,1.979101
5/15/2007,1.986018
5/16/2007,1.977418
5/17/2007,1.974801
5/18/2007,1.975309
5/21/2007,1.971609
5/22/2007,1.975114
5/23/2007,1.986295
5/24/2007,1.985388
5/25/2007,1.984915
5/28/2007,1.983183
5/29/2007,1.980002
5/30/2007,1.976402
5/31/2007,1.979806
6/1/2007,1.980982
6/4/2007,1.991596
6/5/2007,1.993382
6/6/2007,1.992191
6/7/2007,1.978005
6/8/2007,1.970482
6/11/2007,1.969396
6/12/2007,1.974801
6/13/2007,1.972815
6/14/2007,1.969706
6/15/2007,1.976793
6/18/2007,1.983812
6/19/2007,1.987597
6/20/2007,1.99231
6/21/2007,1.992905
6/22/2007,1.997603
6/25/2007,1.998202
6/26/2007,1.998401
6/27/2007,1.9996
6/28/2007,2.002203
6/29/2007,2.008314
7/2/2007,2.017797
7/3/2007,2.016983
7/4/2007,2.01621
7/5/2007,2.012194
7/6/2007,2.011992
7/9/2007,2.014789
7/10/2007,2.027411
7/11/2007,2.032314
7/12/2007,2.029592
7/13/2007,2.034795
7/16/2007,2.036784
7/17/2007,2.047712
7/18/2007,2.053683
7/19/2007,2.048886
7/20/2007,2.057021
7/23/2007,2.059308
7/24/2007,2.061898
7/25/2007,2.053093
7/26/2007,2.047879
7/27/2007,2.024619
7/30/2007,2.028315
7/31/2007,2.029386
8/1/2007,2.031983
8/2/2007,2.036618
8/3/2007,2.042817
8/6/2007,2.031405
8/7/2007,2.022286
8/8/2007,2.037282
8/9/2007,2.022981
8/10/2007,2.022081
8/13/2007,2.011992
8/14/2007,1.997005
8/15/2007,1.986808
8/16/2007,1.985309
8/17/2007,1.982003
8/20/2007,1.988585
8/21/2007,1.980708
8/22/2007,1.995012
8/23/2007,2.003205
8/24/2007,2.013612
8/27/2007,2.009
8/28/2007,2.0006
8/29/2007,2.01678
8/30/2007,2.014383
8/31/2007,2.017186
9/3/2007,2.017715
9/4/2007,2.01418
9/5/2007,2.020406
9/6/2007,2.025111
9/7/2007,2.028603
9/10/2007,null
9/11/2007,2.033181
9/12/2007,2.029592
9/13/2007,2.017593
9/14/2007,2.006702
9/17/2007,1.994018
9/18/2007,2.013409
9/19/2007,2.0006
9/20/2007,2.010616
9/21/2007,2.020406
9/24/2007,2.020692
9/25/2007,2.018897
9/26/2007,2.015601
9/27/2007,2.026794
9/28/2007,2.046203
10/1/2007,2.044321
10/2/2007,2.039984
10/3/2007,2.032603
10/4/2007,2.038611
10/5/2007,2.043694
10/8/2007,2.035416
10/9/2007,2.037697
10/10/2007,2.041816
10/11/2007,2.034215
10/12/2007,2.034298
10/15/2007,2.0424
10/16/2007,2.03219
10/17/2007,2.039984
10/18/2007,2.044195
10/19/2007,2.051492
10/22/2007,2.032686
10/23/2007,2.050315
10/24/2007,2.050105
10/25/2007,2.050904
10/26/2007,2.051703
10/29/2007,2.061091
10/30/2007,2.067996
10/31/2007,2.07978
11/1/2007,2.077793
11/2/2007,2.085593
11/5/2007,2.081079
11/6/2007,2.087421
11/7/2007,2.099782
11/8/2007,2.108192
11/9/2007,2.09468
11/12/2007,2.054401
11/13/2007,2.074818
11/14/2007,2.052798
11/15/2007,2.044405
11/16/2007,2.052419
11/19/2007,2.04939
11/20/2007,2.066116
11/21/2007,2.063515
11/22/2007,2.062408
11/23/2007,2.061091
11/26/2007,null
11/27/2007,2.067611
11/28/2007,2.078786
11/29/2007,2.062919
11/30/2007,2.056682
12/3/2007,2.063898
12/4/2007,2.058799
12/5/2007,2.027287
12/6/2007,2.028398
12/7/2007,2.031818
12/10/2007,2.04499
12/11/2007,2.035789
12/12/2007,2.045492
12/13/2007,2.042817
12/14/2007,2.02012
12/17/2007,2.021386
12/18/2007,null
12/19/2007,null
12/20/2007,1.983891
12/21/2007,1.983301
12/24/2007,1.978513
12/25/2007,1.977418
12/26/2007,1.984206
12/27/2007,1.995012
12/28/2007,1.993302
12/31/2007,1.98661
1/1/2008,1.987716
1/2/2008,1.981807
1/3/2008,1.9741
1/4/2008,1.975816
1/7/2008,1.966994
1/8/2008,1.971803
1/9/2008,1.957483
1/10/2008,1.961592
1/11/2008,1.959401
1/14/2008,1.954385
1/15/2008,1.958289
1/16/2008,1.962901
1/17/2008,1.968388
1/18/2008,null
1/21/2008,null
1/22/2008,null
1/23/2008,1.956985
1/24/2008,1.9782
1/25/2008,1.98059
1/28/2008,1.984915
1/29/2008,1.989298
1/30/2008,1.983615
1/31/2008,1.990604
2/1/2008,1.966491
2/4/2008,1.974801
2/5/2008,1.964791
2/6/2008,1.960784
2/7/2008,1.942804
2/8/2008,1.947116
2/11/2008,1.949888
2/12/2008,1.960208
2/13/2008,1.962208
2/14/2008,1.969784
2/15/2008,1.9614
2/18/2008,1.950801
2/19/2008,1.948216
2/20/2008,1.942502
2/21/2008,1.963788
2/22/2008,1.966917
2/25/2008,1.966607
2/26/2008,1.987281
2/27/2008,1.983183
2/28/2008,1.989891
2/29/2008,1.98661
3/3/2008,1.983891
3/4/2008,1.985585
3/5/2008,1.991794
3/6/2008,2.012113
3/7/2008,2.014018
3/10/2008,2.008395
3/11/2008,2.006018
3/12/2008,2.027
3/13/2008,2.03252
3/14/2008,2.019998
3/17/2008,1.997284
3/18/2008,2.009485
3/19/2008,1.983694
3/20/2008,1.984796
3/21/2008,1.983301
3/24/2008,1.987795
3/25/2008,2.002603
3/26/2008,2.007387
3/27/2008,2.006783
3/28/2008,1.994893
3/31/2008,1.984206
4/1/2008,null
4/2/2008,1.987795
4/3/2008,1.994893
4/4/2008,1.994615
4/7/2008,1.98819
4/8/2008,1.966414
4/9/2008,1.973983
4/10/2008,1.971609
4/11/2008,1.982318
4/14/2008,1.976206
4/15/2008,1.961592
4/16/2008,1.971414
4/17/2008,1.990208
4/18/2008,1.998082
4/21/2008,1.980904
4/22/2008,1.996367
4/23/2008,1.978396
4/24/2008,1.972698
4/25/2008,1.983301
4/28/2008,1.99112
4/29/2008,1.967613
4/30/2008,1.987795
5/1/2008,null
5/2/2008,1.971492
5/5/2008,1.972931
5/6/2008,1.97336
5/7/2008,1.952706
5/8/2008,1.955722
5/9/2008,1.954385
5/12/2008,1.955608
5/13/2008,1.946396
5/14/2008,1.946586
5/15/2008,1.947609
5/16/2008,1.956717
5/19/2008,1.949584
5/20/2008,1.968
5/21/2008,1.971414
5/22/2008,1.98059
5/23/2008,1.982318
5/26/2008,1.982082
5/27/2008,1.976011
5/28/2008,1.980982
5/29/2008,1.976206
5/30/2008,1.982789
6/2/2008,1.965911
6/3/2008,1.962516
6/4/2008,1.953888
6/5/2008,1.95779
6/6/2008,1.970016
6/9/2008,1.974217
6/10/2008,1.953583
6/11/2008,1.964019
6/12/2008,1.947495
6/13/2008,1.946889
6/16/2008,1.964289
6/17/2008,1.957713
6/18/2008,1.958787
6/19/2008,1.972386
6/20/2008,1.97371
6/23/2008,1.965409
6/24/2008,1.970405
6/25/2008,1.974684
6/26/2008,1.987597
6/27/2008,1.994098
6/30/2008,1.992985
7/1/2008,null
7/2/2008,1.992508
7/3/2008,1.982907
7/4/2008,1.983419
7/7/2008,1.976402
7/8/2008,1.968698
7/9/2008,1.9822
7/10/2008,1.977613
7/11/2008,1.989416
7/14/2008,1.994018
7/15/2008,2.003607
7/16/2008,1.998601
7/17/2008,1.997603
7/18/2008,1.999001
7/21/2008,2.001721
7/22/2008,1.992786
7/23/2008,1.997443
7/24/2008,1.987242
7/25/2008,1.99001
7/28/2008,1.994098
7/29/2008,1.980786
7/30/2008,1.9811
7/31/2008,1.983104
8/1/2008,1.974295
8/4/2008,1.961207
8/5/2008,1.955608
8/6/2008,1.948216
8/7/2008,1.943597
8/8/2008,1.919717
8/11/2008,1.9119
8/12/2008,1.895806
8/13/2008,1.866786
8/14/2008,1.866612
8/15/2008,1.864906
8/18/2008,1.865011
8/19/2008,1.868007
8/20/2008,1.863412
8/21/2008,1.876666
8/22/2008,1.854015
8/25/2008,1.84901
8/26/2008,1.839216
8/27/2008,1.835603
8/28/2008,1.829793
8/29/2008,1.821792
9/1/2008,1.791312
9/2/2008,1.781705
9/3/2008,1.773301
9/4/2008,1.761401
9/5/2008,1.768597
9/8/2008,1.761742
9/9/2008,1.762301
9/10/2008,1.75291
9/11/2008,1.755587
9/12/2008,1.792307
9/15/2008,1.795816
9/16/2008,1.783612
9/17/2008,1.815014
9/18/2008,1.815409
9/19/2008,1.830898
9/22/2008,1.858011
9/23/2008,1.855494
9/24/2008,1.849489
9/25/2008,1.8404
9/26/2008,1.840299
9/29/2008,1.801088
9/30/2008,1.782086
10/1/2008,1.769943
10/2/2008,1.764509
10/3/2008,1.772013
10/6/2008,1.743102
10/7/2008,1.745505
10/8/2008,1.727504
10/9/2008,1.708642
10/10/2008,1.704013
10/13/2008,1.744287
10/14/2008,1.741796
10/15/2008,1.71839
10/16/2008,1.734305
10/17/2008,1.730193
10/20/2008,1.713091
10/21/2008,1.667389
10/22/2008,1.620089
10/23/2008,1.622692
10/24/2008,1.591495
10/27/2008,1.553905
10/28/2008,1.60901
10/29/2008,1.637197
10/30/2008,1.637117
10/31/2008,1.607304
11/3/2008,1.577063
11/4/2008,1.593702
11/5/2008,1.58451
11/6/2008,1.558312
11/7/2008,1.565092
11/10/2008,1.563624
11/11/2008,1.538391
11/12/2008,1.491491
11/13/2008,1.490668
11/14/2008,1.475296
11/17/2008,1.499498
11/18/2008,1.495953
11/19/2008,1.497006
11/20/2008,1.473796
11/21/2008,1.492693
11/24/2008,1.514899
11/25/2008,1.542805
11/26/2008,1.533366
11/27/2008,1.54031
11/28/2008,1.538509
12/1/2008,1.486503
12/2/2008,1.490713
12/3/2008,1.478197
12/4/2008,1.468407
12/5/2008,1.470502
12/8/2008,1.487498
12/9/2008,1.475906
12/10/2008,1.479793
12/11/2008,1.502901
12/12/2008,1.494992
12/15/2008,1.529894
12/16/2008,1.558603
12/17/2008,1.5507
12/18/2008,1.505503
12/19/2008,1.499498
12/22/2008,1.4828
12/23/2008,1.474491
12/24/2008,1.47321
12/25/2008,1.474992
12/26/2008,1.458491
12/29/2008,1.446906
12/30/2008,1.446801
12/31/2008,1.46561
1/1/2009,1.4741
1/2/2009,1.452391
1/5/2009,1.471605
1/6/2009,1.491202
1/7/2009,1.507909
1/8/2009,1.522696
1/9/2009,1.517911
1/12/2009,1.481899
1/13/2009,1.451695
1/14/2009,1.462095
1/15/2009,1.467201
1/16/2009,1.473405
1/19/2009,1.442544
1/20/2009,1.387752
1/21/2009,1.387598
1/22/2009,1.388041
1/23/2009,1.378303
1/26/2009,1.397097
1/27/2009,1.418641
1/28/2009,1.422981
1/29/2009,1.427898
1/30/2009,1.456304
2/2/2009,1.421202
2/3/2009,1.44371
2/4/2009,1.445902
2/5/2009,1.463208
2/6/2009,1.477498
2/9/2009,1.485553
2/10/2009,1.45588
2/11/2009,1.435008
2/12/2009,1.429102
2/13/2009,1.435998
2/16/2009,1.429817
2/17/2009,1.423994
2/18/2009,1.42509
2/19/2009,1.426696
2/20/2009,1.443897
2/23/2009,1.447094
2/24/2009,1.452855
2/25/2009,1.422091
2/26/2009,1.429797
2/27/2009,1.427205
3/2/2009,1.403509
3/3/2009,1.4028
3/4/2009,1.417776
3/5/2009,1.413108
3/6/2009,1.407004
3/9/2009,1.379405
3/10/2009,1.379196
3/11/2009,1.384198
3/12/2009,1.393107
3/13/2009,1.400697
3/16/2009,1.407598
3/17/2009,1.405402
3/18/2009,1.428408
3/19/2009,1.449591
3/20/2009,1.44271
3/23/2009,1.457195
3/24/2009,1.470005
3/25/2009,1.455096
3/26/2009,1.446508
3/27/2009,1.432501
3/30/2009,1.424704
3/31/2009,1.434494
4/1/2009,1.44609
4/2/2009,1.473492
4/3/2009,1.483305
4/6/2009,1.4741
4/7/2009,1.4741
4/8/2009,1.469508
4/9/2009,1.467502
4/10/2009,1.465996
4/13/2009,1.484935
4/14/2009,1.490491
4/15/2009,1.500015
4/16/2009,1.491892
4/17/2009,1.479991
4/20/2009,1.454313
4/21/2009,1.466491
4/22/2009,1.448897
4/23/2009,1.471692
4/24/2009,1.471497
4/27/2009,1.461497
4/28/2009,1.462865
4/29/2009,1.476734
4/30/2009,1.478809
5/1/2009,1.491091
5/4/2009,1.503511
5/5/2009,1.507091
5/6/2009,1.515014
5/7/2009,1.503398
5/8/2009,1.524297
5/11/2009,1.513707
5/12/2009,1.527044
5/13/2009,1.515289
5/14/2009,1.522951
5/15/2009,1.516093
5/18/2009,1.534378
5/19/2009,1.548395
5/20/2009,1.575399
5/21/2009,1.585088
5/22/2009,1.592002
5/25/2009,1.59109
5/26/2009,1.593702
5/27/2009,1.596093
5/28/2009,1.593372
5/29/2009,1.618699
6/1/2009,1.64471
6/2/2009,1.657907
6/3/2009,1.631295
6/4/2009,1.611266
6/5/2009,1.599591
6/8/2009,1.603824
6/9/2009,1.631108
6/10/2009,1.635403
6/11/2009,1.658402
6/12/2009,1.643088
6/15/2009,1.629487
6/16/2009,1.639694
6/17/2009,1.638807
6/18/2009,1.636608
6/19/2009,1.65221
6/22/2009,1.634788
6/23/2009,1.643358
6/24/2009,1.642791
6/25/2009,1.637331
6/26/2009,1.652892
6/29/2009,1.657001
6/30/2009,1.646687
7/1/2009,1.647799
7/2/2009,1.634735
7/3/2009,1.629408
7/6/2009,1.627392
7/7/2009,1.611629
7/8/2009,1.60591
7/9/2009,1.634307
7/10/2009,1.621797
7/13/2009,1.625408
7/14/2009,1.631987
7/15/2009,1.643196
7/16/2009,1.641605
7/17/2009,1.633213
7/20/2009,1.652456
7/21/2009,1.642009
7/22/2009,1.645007
7/23/2009,1.6512
7/24/2009,1.64471
7/27/2009,1.648533
7/28/2009,1.641093
7/29/2009,1.635109
7/30/2009,1.650792
7/31/2009,1.670509
8/3/2009,1.694111
8/4/2009,1.695404
8/5/2009,1.699611
8/6/2009,1.681011
8/7/2009,1.668502
8/10/2009,1.647881
8/11/2009,1.648995
8/12/2009,1.65101
8/13/2009,1.657001
8/14/2009,1.654397
8/17/2009,1.635189
8/18/2009,1.658897
8/19/2009,1.655903
8/20/2009,1.651091
8/21/2009,1.650111
8/24/2009,1.640797
8/25/2009,1.631588
8/26/2009,1.622902
8/27/2009,1.629275
8/28/2009,1.626201
8/31/2009,1.629195
9/1/2009,1.612903
9/2/2009,1.627604
9/3/2009,1.63276
9/4/2009,1.63921
9/7/2009,1.633987
9/8/2009,1.651937
9/9/2009,1.653412
9/10/2009,1.665612
9/11/2009,1.668112
9/14/2009,1.660992
9/15/2009,1.649648
9/16/2009,1.647989
9/17/2009,1.643818
9/18/2009,1.627101
9/21/2009,1.622007
9/22/2009,1.638404
9/23/2009,1.635109
9/24/2009,1.593702
9/25/2009,1.597699
9/28/2009,1.588739
9/29/2009,1.597112
9/30/2009,1.600205
10/1/2009,1.590204
10/2/2009,1.587906
10/5/2009,1.594947
10/6/2009,1.592179
10/7/2009,1.596398
10/8/2009,1.605832
10/9/2009,1.584008
10/12/2009,1.581403
10/13/2009,1.593168
10/14/2009,1.600589
10/15/2009,1.633907
10/16/2009,1.635911
10/19/2009,1.640608
10/20/2009,1.638002
10/21/2009,1.660881
10/22/2009,1.663395
10/23/2009,1.631108
10/26/2009,1.629992
10/27/2009,1.639989
10/28/2009,1.637599
10/29/2009,1.656287
10/30/2009,1.644791
11/2/2009,1.639532
11/3/2009,1.642603
11/4/2009,1.655794
11/5/2009,1.657495
11/6/2009,1.662013
11/9/2009,1.677993
11/10/2009,1.673612
11/11/2009,1.657495
11/12/2009,1.658705
11/13/2009,1.6675
11/16/2009,1.683899
11/17/2009,1.682397
11/18/2009,1.67406
11/19/2009,1.665612
11/20/2009,1.652101
11/23/2009,1.660909
11/24/2009,1.65843
11/25/2009,1.670509
11/26/2009,1.643601
11/27/2009,1.650792
11/30/2009,1.645793
12/1/2009,1.662593
12/2/2009,1.666056
12/3/2009,1.655931
12/4/2009,1.648288
12/7/2009,1.646578
12/8/2009,1.624907
12/9/2009,1.62824
12/10/2009,1.628028
12/11/2009,1.625303
12/14/2009,1.631002
12/15/2009,1.626995
12/16/2009,1.632813
12/17/2009,1.616292
12/18/2009,1.614596
12/21/2009,1.6056
12/22/2009,1.596832
12/23/2009,1.596908
12/24/2009,1.597495
12/25/2009,1.601897
12/28/2009,1.600307
12/29/2009,1.590407
12/30/2009,1.607588
12/31/2009,1.618202
1/1/2010,1.613294
1/4/2010,1.61137
1/5/2010,1.599079
1/6/2010,1.602384
1/7/2010,1.593397
1/8/2010,1.60241
1/11/2010,1.611292
1/12/2010,1.61517
1/13/2010,1.628611
1/14/2010,1.6334
1/15/2010,1.626995
1/18/2010,1.635296
1/19/2010,1.635671
1/20/2010,1.629806
1/21/2010,1.620509
1/22/2010,1.611006
1/25/2010,1.625012
1/26/2010,1.6147
1/27/2010,1.617809
1/28/2010,1.614309
1/29/2010,1.598491
2/1/2010,1.595253
2/2/2010,1.599207
2/3/2010,1.592002
2/4/2010,1.576989
2/5/2010,1.565803
2/8/2010,1.557608
2/9/2010,1.569391
2/10/2010,1.561207
2/11/2010,1.570204
2/12/2010,1.569809
2/15/2010,1.566711
2/16/2010,1.579005
2/17/2010,1.568209
2/18/2010,1.542305
2/19/2010,1.546408
2/22/2010,1.548659
2/23/2010,1.544592
2/24/2010,1.541711
2/25/2010,1.52439
2/26/2010,1.523902
3/1/2010,1.497881
3/2/2010,1.50281
3/3/2010,1.5103
3/4/2010,1.503601
3/5/2010,1.513294
3/8/2010,1.504189
3/9/2010,1.501637
3/10/2010,1.497006
3/11/2010,1.507205
3/12/2010,1.521607
3/15/2010,1.505435
3/16/2010,1.523693
3/17/2010,1.531792
3/18/2010,1.525367
3/19/2010,1.501795
3/22/2010,1.510802
3/23/2010,1.502133
3/24/2010,1.489891
3/25/2010,1.484494
3/26/2010,1.489802
3/29/2010,1.498195
3/30/2010,1.507409
3/31/2010,1.518372
4/1/2010,1.529192
4/2/2010,1.521005
4/5/2010,1.5298
4/6/2010,1.527091
4/7/2010,1.524204
4/8/2010,1.528304
4/9/2010,1.536996
4/12/2010,1.537397
4/13/2010,1.537775
4/14/2010,1.547221
4/15/2010,1.546551
4/16/2010,1.536405
4/19/2010,1.533531
4/20/2010,1.536382
4/21/2010,1.541331
4/22/2010,1.537397
4/23/2010,1.538201
4/26/2010,1.54679
4/27/2010,1.524762
4/28/2010,1.520427
4/29/2010,1.535603
4/30/2010,1.530011
5/3/2010,1.524925
5/4/2010,1.512791
5/5/2010,1.509799
5/6/2010,1.486392
5/7/2010,1.478306
5/10/2010,1.486193
5/11/2010,1.492092
5/12/2010,1.483701
5/13/2010,1.46139
5/14/2010,1.453805
5/17/2010,1.448016
5/18/2010,1.429674
5/19/2010,1.44167
5/20/2010,1.434844
5/21/2010,1.4481
5/24/2010,1.440901
5/25/2010,1.441504
5/26/2010,1.438394
5/27/2010,1.456049
5/28/2010,1.445296
5/31/2010,1.452201
6/1/2010,1.466706
6/2/2010,1.465008
6/3/2010,1.4634
6/4/2010,1.445797
6/7/2010,1.447408
6/8/2010,1.444899
6/9/2010,1.454799
6/10/2010,1.470848
6/11/2010,1.455202
6/14/2010,1.4736
6/15/2010,1.479991
6/16/2010,1.4736
6/17/2010,1.481591
6/18/2010,1.482997
6/21/2010,1.475993
6/22/2010,1.482008
6/23/2010,1.496804
6/24/2010,1.493206
6/25/2010,1.506796
6/28/2010,1.50989
6/29/2010,1.505344
6/30/2010,1.494433
7/1/2010,1.516576
7/2/2010,1.520496
7/5/2010,1.513203
7/6/2010,1.514394
7/7/2010,1.517842
7/8/2010,1.515496
7/9/2010,1.506796
7/12/2010,1.502404
7/13/2010,1.518511
7/14/2010,1.526811
7/15/2010,1.544306
7/16/2010,1.53069
7/19/2010,1.522557
7/20/2010,1.528725
7/21/2010,1.518395
7/22/2010,1.527207
7/23/2010,1.543901
7/26/2010,1.548995
7/27/2010,1.558798
7/28/2010,1.559406
7/29/2010,1.561232
7/30/2010,1.5688
8/2/2010,1.588992
8/3/2010,1.594591
8/4/2010,1.594591
8/5/2010,1.589193
8/6/2010,1.589143
8/9/2010,1.597801
8/10/2010,1.590609
8/11/2010,1.585791
8/12/2010,1.563282
8/13/2010,1.558774
8/16/2010,1.560306
8/17/2010,1.564602
8/18/2010,1.557802
8/19/2010,1.559892
8/20/2010,1.557705
8/23/2010,1.554509
8/24/2010,1.549619
8/25/2010,1.541093
8/26/2010,1.547221
8/27/2010,1.552
8/30/2010,1.553398
8/31/2010,1.546599
9/1/2010,1.53499
9/2/2010,1.544807
9/3/2010,1.539598
9/6/2010,1.544998
9/7/2010,1.539504
9/8/2010,1.534872
9/9/2010,1.547389
9/10/2010,1.542591
9/13/2010,1.53709
9/14/2010,1.542805
9/15/2010,1.553398
9/16/2010,1.563404
9/17/2010,1.562817
9/20/2010,1.564602
9/21/2010,1.554823
9/22/2010,1.561695
9/23/2010,1.564602
9/24/2010,1.56789
9/27/2010,1.583105
9/28/2010,1.581003
9/29/2010,1.580303
9/30/2010,1.579579
10/1/2010,1.57166
10/4/2010,1.582003
10/5/2010,1.582429
10/6/2010,1.589143
10/7/2010,1.586496
10/8/2010,1.588007
10/11/2010,1.594871
10/12/2010,1.589295
10/13/2010,1.581103
10/14/2010,1.590508
10/15/2010,1.60064
10/18/2010,1.597904
10/19/2010,1.589396
10/20/2010,1.570302
10/21/2010,1.58451
10/22/2010,1.571191
10/25/2010,1.56789
10/26/2010,1.570969
10/27/2010,1.585012
10/28/2010,1.577412
10/29/2010,1.577412
11/1/2010,1.604802
11/2/2010,1.605987
11/3/2010,1.603232
11/4/2010,1.610695
11/5/2010,1.627604
11/8/2010,1.620956
11/9/2010,1.611629
11/10/2010,1.6
11/11/2010,1.612227
11/12/2010,1.610565
11/15/2010,1.612903
11/16/2010,1.604312
11/17/2010,1.588714
11/18/2010,1.592103
11/19/2010,1.605188
11/22/2010,1.600435
11/23/2010,1.594667
11/24/2010,1.580503
11/25/2010,1.579005
11/26/2010,1.57597
11/29/2010,1.559016
11/30/2010,1.555621
12/1/2010,1.556808
12/2/2010,1.561036
12/3/2010,1.55909
12/6/2010,1.57679
12/7/2010,1.57087
12/8/2010,1.575324
12/9/2010,1.579654
12/10/2010,1.577511
12/13/2010,1.579904
12/14/2010,1.586194
12/15/2010,1.576392
12/16/2010,1.556081
12/17/2010,1.563282
12/20/2010,1.551301
12/21/2010,1.55082
12/22/2010,1.546599
12/23/2010,1.540405
12/24/2010,1.54464
12/27/2010,1.541378
12/28/2010,1.544211
12/29/2010,1.535579
12/30/2010,1.550195
12/31/2010,1.54371
1/3/2011,1.557244
1/4/2011,1.548971
1/5/2011,1.559795
1/6/2011,1.551205
1/7/2011,1.545094
1/10/2011,1.554002
1/11/2011,1.558992
1/12/2011,1.560793
1/13/2011,1.574927
1/14/2011,1.584284
1/17/2011,1.588133
1/18/2011,1.590002
1/19/2011,1.596297
1/20/2011,1.597419
1/21/2011,1.590989
1/24/2011,1.599386
1/25/2011,1.598644
1/26/2011,1.582003
1/27/2011,1.592991
1/28/2011,1.592686
1/31/2011,1.58293
2/1/2011,1.603001
2/2/2011,1.613606
2/3/2011,1.620483
2/4/2011,1.61345
2/7/2011,1.609969
2/8/2011,1.612903
2/9/2011,1.606632
2/10/2011,1.61015
2/11/2011,1.60971
2/14/2011,1.600307
2/15/2011,1.602821
2/16/2011,1.613658
2/17/2011,1.609295
2/18/2011,1.617809
2/21/2011,1.625091
2/22/2011,1.622797
2/23/2011,1.616005
2/24/2011,1.623508
2/25/2011,1.61444
2/28/2011,1.610047
3/1/2011,1.627048
3/2/2011,1.626281
3/3/2011,1.633293
3/4/2011,1.627445
3/7/2011,1.626836
3/8/2011,1.619853
3/9/2011,1.616344
3/10/2011,1.62001
3/11/2011,1.606606
3/14/2011,1.607149
3/15/2011,1.617207
3/16/2011,1.6072
3/17/2011,1.59913
3/18/2011,1.614335
3/21/2011,1.622297
3/22/2011,1.630869
3/23/2011,1.636019
3/24/2011,1.624907
3/25/2011,1.612201
3/28/2011,1.60041
3/29/2011,1.599079
3/30/2011,1.600999
3/31/2011,1.607407
4/1/2011,1.603412
4/4/2011,1.612071
4/5/2011,1.613059
4/6/2011,1.630098
4/7/2011,1.632493
4/8/2011,1.63212
4/11/2011,1.637412
4/12/2011,1.634494
4/13/2011,1.625699
4/14/2011,1.626889
4/15/2011,null
4/18/2011,1.631401
4/19/2011,1.626122
4/20/2011,1.63244
4/21/2011,1.639479
4/22/2011,1.651473
4/25/2011,1.652811
4/26/2011,1.650192
4/27/2011,1.650901
4/28/2011,1.662787
4/29/2011,1.665002
5/2/2011,1.668808
5/3/2011,1.666
5/4/2011,1.649648
5/5/2011,1.649702
5/6/2011,1.638592
5/9/2011,1.635804
5/10/2011,1.641174
5/11/2011,1.63701
5/12/2011,1.636742
5/13/2011,1.628399
5/16/2011,1.617599
5/17/2011,1.620929
5/18/2011,1.625303
5/19/2011,1.616501
5/20/2011,1.623192
5/23/2011,1.621429
5/24/2011,1.610877
5/25/2011,1.61849
5/26/2011,1.627975
5/27/2011,1.638538
5/30/2011,1.651119
5/31/2011,1.648777
6/1/2011,1.646497
6/2/2011,1.633427
6/3/2011,1.636152
6/6/2011,1.645413
6/7/2011,1.635724
6/8/2011,1.644304
6/9/2011,1.640797
6/10/2011,1.636554
6/13/2011,1.622613
6/14/2011,1.637412
6/15/2011,1.637733
6/16/2011,1.619591
6/17/2011,1.616109
6/20/2011,1.617809
6/21/2011,1.620693
6/22/2011,1.622534
6/23/2011,1.605987
6/24/2011,1.602615
6/27/2011,1.596297
6/28/2011,1.599002
6/29/2011,1.598798
6/30/2011,1.607588
7/1/2011,1.604802
7/4/2011,1.606813
7/5/2011,1.60971
7/6/2011,1.606787
7/7/2011,1.600896
7/8/2011,1.598108
7/11/2011,1.60259
7/12/2011,1.590811
7/13/2011,1.591824
7/14/2011,1.616815
7/15/2011,1.614909
7/18/2011,1.611188
7/19/2011,1.605832
7/20/2011,1.61371
7/21/2011,1.615927
7/22/2011,1.632333
7/25/2011,1.631508
7/26/2011,1.628081
7/27/2011,1.642603
7/28/2011,1.632733
7/29/2011,1.636849
8/1/2011,1.641201
8/2/2011,1.630922
8/3/2011,1.627869
8/4/2011,1.643412
8/5/2011,1.623587
8/8/2011,1.641659
8/9/2011,1.632014
8/10/2011,1.631481
8/11/2011,1.611811
8/12/2011,1.622797
8/15/2011,1.629328
8/16/2011,1.638592
8/17/2011,1.644088
8/18/2011,1.654096
8/19/2011,1.650792
8/22/2011,1.647799
8/23/2011,1.646605
8/24/2011,1.649811
8/25/2011,1.63701
8/26/2011,1.62832
8/29/2011,1.635002
8/30/2011,1.641497
8/31/2011,1.630763
9/1/2011,1.625144
9/2/2011,1.618804
9/5/2011,1.617207
9/6/2011,1.609995
9/7/2011,1.59482
9/8/2011,1.598593
9/9/2011,1.59775
9/12/2011,1.585691
9/13/2011,1.585867
9/14/2011,1.578607
9/15/2011,1.576989
9/16/2011,1.579305
9/19/2011,1.572401
9/20/2011,1.565999
9/21/2011,1.573416
9/22/2011,1.55082
9/23/2011,1.536169
9/26/2011,1.549331
9/27/2011,1.555258
9/28/2011,1.563991
9/29/2011,1.557608
9/30/2011,1.559941
10/3/2011,1.558312
10/4/2011,1.543591
10/5/2011,1.54703
10/6/2011,1.546599
10/7/2011,1.543448
10/10/2011,1.553302
10/11/2011,1.565827
10/12/2011,1.558895
10/13/2011,1.574778
10/14/2011,1.574506
10/17/2011,1.582629
10/18/2011,1.574506
10/19/2011,1.57087
10/20/2011,1.57771
10/21/2011,1.579604
10/24/2011,1.594311
10/25/2011,1.599667
10/26/2011,1.599846
10/27/2011,1.595965
10/28/2011,1.608777
10/31/2011,1.611188
11/1/2011,1.608001
11/2/2011,1.594007
11/3/2011,1.591191
11/4/2011,1.603721
11/7/2011,1.603284
11/8/2011,1.606193
11/9/2011,1.609891
11/10/2011,1.591495
11/11/2011,1.59421
11/14/2011,1.607691
11/15/2011,1.590002
11/16/2011,1.580578
11/17/2011,1.570796
11/18/2011,1.5752
11/21/2011,1.57771
11/22/2011,1.563893
11/23/2011,1.564896
11/24/2011,1.552867
11/25/2011,1.5477
11/28/2011,1.548995
11/29/2011,1.550099
11/30/2011,1.559795
12/1/2011,1.570722
12/2/2011,1.568308
12/5/2011,1.560988
12/6/2011,1.564309
12/7/2011,1.560696
12/8/2011,1.570031
12/9/2011,1.563795
12/12/2011,1.565411
12/13/2011,1.558069
12/14/2011,1.548012
12/15/2011,1.547508
12/16/2011,1.552289
12/19/2011,1.552506
12/20/2011,1.550989
12/21/2011,1.567103
12/22/2011,1.567103
12/23/2011,1.567988
12/26/2011,1.559697
12/27/2011,1.56189
12/28/2011,1.56649
12/29/2011,1.544402
12/30/2011,1.541592
1/2/2012,1.551205
1/3/2012,1.552
1/4/2012,1.564407
1/5/2012,1.560939
1/6/2012,1.550171
1/9/2012,1.541949
1/10/2012,1.545906
1/11/2012,1.547461
1/12/2012,1.533601
1/13/2012,1.534213
1/16/2012,1.530011
1/17/2012,1.532497
1/18/2012,1.53386
1/19/2012,1.542996
1/20/2012,1.548827
1/23/2012,1.554557
1/24/2012,1.557899
1/25/2012,1.562695
1/26/2012,1.566097
1/27/2012,1.568209
1/30/2012,1.572401
1/31/2012,1.570845
2/1/2012,1.576044
2/2/2012,1.584284
2/3/2012,1.580278
2/6/2012,1.580303
2/7/2012,1.581278
2/8/2012,1.58932
2/9/2012,1.581278
2/10/2012,1.581278
2/13/2012,1.578208
2/14/2012,1.572574
2/15/2012,1.56912
2/16/2012,1.568874
2/17/2012,1.580778
2/20/2012,1.586924
2/21/2012,1.582829
2/22/2012,1.579031
2/23/2012,1.567202
2/24/2012,1.574555
2/27/2012,1.588688
2/28/2012,1.58328
2/29/2012,1.592205
3/1/2012,1.592357
3/2/2012,1.595914
3/5/2012,1.583306
3/6/2012,1.587554
3/7/2012,1.572327
3/8/2012,1.573564
3/9/2012,1.582529
3/12/2012,1.5673
3/13/2012,1.565435
3/14/2012,1.570598
3/15/2012,1.565435
3/16/2012,1.570352
3/19/2012,1.583707
3/20/2012,1.588815
3/21/2012,1.586294
3/22/2012,1.587554
3/23/2012,1.582779
3/26/2012,1.587806
3/27/2012,1.596169
3/28/2012,1.595405
3/29/2012,1.58932
3/30/2012,1.595914
4/2/2012,1.601409
4/3/2012,1.603849
4/4/2012,1.59066
4/5/2012,1.590331
4/6/2012,1.58303
4/9/2012,1.588058
4/10/2012,1.590811
4/11/2012,1.58554
4/12/2012,1.592357
4/13/2012,1.595914
4/16/2012,1.585037
4/17/2012,1.589572
4/18/2012,1.59421
4/19/2012,1.602307
4/20/2012,1.606168
4/23/2012,1.613163
4/24/2012,1.612123
4/25/2012,1.614466
4/26/2012,1.617809
4/27/2012,1.617861
4/30/2012,1.628134
5/1/2012,1.623377
5/2/2012,1.622323
5/3/2012,1.619302
5/4/2012,1.619197
5/7/2012,1.612305
5/8/2012,1.619433
5/9/2012,1.614726
5/10/2012,1.613814
5/11/2012,1.613684
5/14/2012,1.607717
5/15/2012,1.609787
5/16/2012,1.598721
5/17/2012,1.592103
5/18/2012,1.578532
5/21/2012,1.581278
5/22/2012,1.582779
5/23/2012,1.576094
5/24/2012,1.568381
5/25/2012,1.565925
5/28/2012,1.568135
5/29/2012,1.566907
5/30/2012,1.563477
5/31/2012,1.548299
6/1/2012,1.539646
6/4/2012,1.535155
6/5/2012,1.538462
6/6/2012,1.538462
6/7/2012,1.548227
6/8/2012,1.552313
6/11/2012,1.55376
6/12/2012,1.548611
6/13/2012,1.556905
6/14/2012,1.552072
6/15/2012,1.555452
6/18/2012,1.571586
6/19/2012,1.568627
6/20/2012,1.571981
6/21/2012,1.570598
6/22/2012,1.560063
6/25/2012,1.558361
6/26/2012,1.556662
6/27/2012,1.563722
6/28/2012,1.557147
6/29/2012,1.551831
7/2/2012,1.568209
7/3/2012,1.56912
7/4/2012,1.56912
7/5/2012,1.558409
7/6/2012,1.553036
7/9/2012,1.547988
7/10/2012,1.553036
7/11/2012,1.551831
7/12/2012,1.551109
7/13/2012,1.542734
7/16/2012,1.558361
7/17/2012,1.5625
7/18/2012,1.566416
7/19/2012,1.5647
7/20/2012,1.571833
7/23/2012,1.560793
7/24/2012,1.551831
7/25/2012,1.550147
7/26/2012,1.548707
7/27/2012,1.568627
7/30/2012,1.572822
7/31/2012,1.571339
8/1/2012,1.566784
8/2/2012,1.554485
8/3/2012,1.55159
8/6/2012,1.565411
8/7/2012,1.558798
8/8/2012,1.561622
8/9/2012,1.56703
8/10/2012,1.563111
8/13/2012,1.566907
8/14/2012,1.56789
8/15/2012,1.567644
8/16/2012,1.568135
8/17/2012,1.573564
8/20/2012,1.568874
8/21/2012,1.571092
8/22/2012,1.577909
8/23/2012,1.58836
8/24/2012,1.585791
8/27/2012,1.580303
8/28/2012,1.57928
8/29/2012,1.582604
8/30/2012,1.582779
8/31/2012,1.579031
9/3/2012,1.587302
9/4/2012,1.588058
9/5/2012,1.586546
9/6/2012,1.590584
9/7/2012,1.593372
9/10/2012,1.60082
9/11/2012,1.599207
9/12/2012,1.6072
9/13/2012,1.610825
9/14/2012,1.615509
9/17/2012,1.622586
9/18/2012,1.624695
9/19/2012,1.624431
9/20/2012,1.623113
9/21/2012,1.622192
9/24/2012,1.623113
9/25/2012,1.622586
9/26/2012,1.619433
9/27/2012,1.617861
9/28/2012,1.623298
10/1/2012,1.612487
10/2/2012,1.612903
10/3/2012,1.613163
10/4/2012,1.610047
10/5/2012,1.618647
10/8/2012,1.613892
10/9/2012,1.603412
10/10/2012,1.599693
10/11/2012,1.600768
10/12/2012,1.604596
10/15/2012,1.60591
10/16/2012,1.608105
10/17/2012,1.613007
10/18/2012,1.61371
10/19/2012,1.605703
10/22/2012,1.599795
10/23/2012,1.602282
10/24/2012,1.594896
10/25/2012,1.603155
10/26/2012,1.611811
10/29/2012,1.609528
10/30/2012,1.603078
10/31/2012,1.607459
11/1/2012,1.613424
11/2/2012,1.613424
11/5/2012,1.602102
11/6/2012,1.598466
11/7/2012,1.599232
11/8/2012,1.59821
11/9/2012,1.59775
11/12/2012,1.589421
11/13/2012,1.587806
11/14/2012,1.587806
11/15/2012,1.584108
11/16/2012,1.586546
11/19/2012,1.590559
11/20/2012,1.589421
11/21/2012,1.59261
11/22/2012,1.596934
11/23/2012,1.594133
11/26/2012,1.602795
11/27/2012,1.603335
11/28/2012,1.602307
11/29/2012,1.601537
11/30/2012,1.604107
12/3/2012,1.602307
12/4/2012,1.609787
12/5/2012,1.610099
12/6/2012,1.609321
12/7/2012,1.605008
12/10/2012,1.603566
12/11/2012,1.607407
12/12/2012,1.611863
12/13/2012,1.613684
12/14/2012,1.611603
12/17/2012,1.617599
12/18/2012,1.620483
12/19/2012,1.624959
12/20/2012,1.625224
12/21/2012,1.627339
12/24/2012,1.615692
12/25/2012,1.613163
12/26/2012,1.613684
12/27/2012,1.612643
12/28/2012,1.611603
12/31/2012,1.616292
1/1/2013,1.62364
1/2/2013,1.624695
1/3/2013,1.62525
1/4/2013,1.608234
1/7/2013,1.606787
1/8/2013,1.612201
1/9/2013,1.606168
1/10/2013,1.601537
1/11/2013,1.616292
1/14/2013,1.612695
1/15/2013,1.607717
1/16/2013,1.607459
1/17/2013,1.600256
1/18/2013,1.597699
1/21/2013,1.58554
1/22/2013,1.583782
1/23/2013,1.583908
1/24/2013,1.58328
1/25/2013,1.578283
1/28/2013,1.577511
1/29/2013,1.569859
1/30/2013,1.574803
1/31/2013,1.579779
2/1/2013,1.587024
2/4/2013,1.5705
2/5/2013,1.575547
2/6/2013,1.566661
2/7/2013,1.566416
2/8/2013,1.571018
2/11/2013,1.580228
2/12/2013,1.56568
2/13/2013,1.567644
2/14/2013,1.553302
2/15/2013,1.548659
2/18/2013,1.548012
2/19/2013,1.547748
2/20/2013,1.542734
2/21/2013,1.522997
2/22/2013,1.526252
2/25/2013,1.50973
2/26/2013,1.516415
2/27/2013,1.512997
2/28/2013,1.51676
3/1/2013,1.51653
3/4/2013,1.503601
3/5/2013,1.512859
3/6/2013,1.513775
3/7/2013,1.499678
3/8/2013,1.50263
3/11/2013,1.491002
3/12/2013,1.490535
3/13/2013,1.490535
3/14/2013,1.492537
3/15/2013,1.509001
3/18/2013,1.510757
3/19/2013,1.50989
3/20/2013,1.509662
3/21/2013,1.509662
3/22/2013,1.518211
3/25/2013,1.524599
3/26/2013,1.517911
3/27/2013,1.5163
3/28/2013,1.512905
3/29/2013,1.519757
4/1/2013,1.519595
4/2/2013,1.522302
4/3/2013,1.510802
4/4/2013,1.514005
4/5/2013,1.522626
4/8/2013,1.53492
4/9/2013,1.526252
4/10/2013,1.532332
4/11/2013,1.532567
4/12/2013,1.539172
4/15/2013,1.535391
4/16/2013,1.52973
4/17/2013,1.536098
4/18/2013,1.52439
4/19/2013,1.528351
4/22/2013,1.522534
4/23/2013,1.529988
4/24/2013,1.522997
4/25/2013,1.527977
4/26/2013,1.543686
4/29/2013,1.549187
4/30/2013,1.549427
5/1/2013,1.55376
5/2/2013,1.557196
5/3/2013,1.553712
5/6/2013,1.557875
5/7/2013,1.55376
5/8/2013,1.547988
5/9/2013,1.554291
5/10/2013,1.544592
5/13/2013,1.534189
5/14/2013,1.530901
5/15/2013,1.522719
5/16/2013,1.523995
5/17/2013,1.527697
5/20/2013,1.518119
5/21/2013,1.526228
5/22/2013,1.516001
5/23/2013,1.503511
5/24/2013,1.509502
5/27/2013,1.513111
5/28/2013,1.510894
5/29/2013,1.502607
5/30/2013,1.513134
5/31/2013,1.522905
6/3/2013,1.520913
6/4/2013,1.532144
6/5/2013,1.530386
6/6/2013,1.540334
6/7/2013,1.560257
6/10/2013,1.553109
6/11/2013,1.553109
6/12/2013,1.553109
6/13/2013,1.568135
6/14/2013,1.571388
6/17/2013,1.572302
6/18/2013,1.571783
6/19/2013,1.563697
6/20/2013,1.548251
6/21/2013,1.551711
6/24/2013,1.538911
6/25/2013,1.544735
6/26/2013,1.541687
6/27/2013,1.532591
6/28/2013,1.525832
7/1/2013,1.520473
7/2/2013,1.521653
7/3/2013,1.515289
7/4/2013,1.52744
7/5/2013,1.503895
7/8/2013,1.48794
7/9/2013,1.495372
7/10/2013,1.486149
7/11/2013,1.518003
7/12/2013,1.517865
7/15/2013,1.510369
7/16/2013,1.510004
7/17/2013,1.513844
7/18/2013,1.520982
7/19/2013,1.522209
7/22/2013,1.528491
7/23/2013,1.536523
7/24/2013,1.537492
7/25/2013,1.530854
7/26/2013,1.538177
7/29/2013,1.539243
7/30/2013,1.534166
7/31/2013,1.524204
8/1/2013,1.517497
8/2/2013,1.512036
8/5/2013,1.528725
8/6/2013,1.535391
8/7/2013,1.534495
8/8/2013,1.549691
8/9/2013,1.553591
8/12/2013,1.551398
8/13/2013,1.54581
8/14/2013,1.54507
8/15/2013,1.551614
8/16/2013,1.564211
8/19/2013,1.5625
8/20/2013,1.564896
8/21/2013,1.566392
8/22/2013,1.56167
8/23/2013,1.559722
8/26/2013,1.558094
8/27/2013,1.558482
8/28/2013,1.554799
8/29/2013,1.552747
8/30/2013,1.550652
9/2/2013,1.551903
9/3/2013,1.554702
9/4/2013,1.556372
9/5/2013,1.562207
9/6/2013,1.558992
9/9/2013,1.563599
9/10/2013,1.56976
9/11/2013,1.573292
9/12/2013,1.582604
9/13/2013,1.580453
9/16/2013,1.593626
9/17/2013,1.590306
9/18/2013,1.590508
9/19/2013,1.61332
9/20/2013,1.603798
9/23/2013,1.601691
9/24/2013,1.604158
9/25/2013,1.599591
9/26/2013,1.607381
9/27/2013,1.603746
9/30/2013,1.616893
10/1/2013,1.618699
10/2/2013,1.619223
10/3/2013,1.623561
10/4/2013,1.615692
10/7/2013,1.603592
10/8/2013,null
10/9/2013,1.612097
10/10/2013,1.595507
10/11/2013,1.598006
10/14/2013,1.597112
10/15/2013,1.597189
10/16/2013,1.598466
10/17/2013,1.594388
10/18/2013,1.614935
10/21/2013,1.617207
10/22/2013,1.613528
10/23/2013,1.623271
10/24/2013,1.616371
10/25/2013,1.620089
10/28/2013,1.61739
10/29/2013,1.614179
10/30/2013,1.604827
10/31/2013,1.602615
11/1/2013,1.604467
11/4/2013,1.592382
11/5/2013,1.59724
11/6/2013,1.604802
11/7/2013,1.608545
11/8/2013,1.608881
11/11/2013,1.600487
11/12/2013,1.598696
11/13/2013,1.589092
11/14/2013,1.604905
11/15/2013,1.605807
11/18/2013,1.611396
11/19/2013,1.611526
11/20/2013,1.613892
11/21/2013,1.610021
11/22/2013,1.618699
11/25/2013,1.623113
11/26/2013,1.61671
11/27/2013,1.620982
11/28/2013,1.628293
11/29/2013,1.634094
12/2/2013,1.637787
12/3/2013,1.635992
12/4/2013,1.638888
12/5/2013,1.637814
12/6/2013,1.6334
12/9/2013,1.632893
12/10/2013,1.642522
12/11/2013,1.645576
12/12/2013,1.637626
12/13/2013,1.633987
12/16/2013,1.630497
12/17/2013,1.629965
12/18/2013,1.62779
12/19/2013,1.6387
12/20/2013,1.636474
12/23/2013,1.63316
12/24/2013,1.635029
12/25/2013,1.63709
12/26/2013,1.635403
12/27/2013,1.641632
12/30/2013,1.648234
12/31/2013,1.649512
1/1/2014,1.656397
1/2/2014,1.658072
1/3/2014,1.644791
1/6/2014,1.641309
1/7/2014,1.641794
1/8/2014,1.640016
1/9/2014,1.64471
1/10/2014,1.647908
1/13/2014,1.64943
1/14/2014,1.638995
1/15/2014,1.643412
1/16/2014,1.636179
1/17/2014,1.635296
1/20/2014,1.641794
1/21/2014,1.642414
1/22/2014,1.647528
1/23/2014,1.656205
1/24/2014,1.663478
1/27/2014,1.649049
1/28/2014,1.657495
1/29/2014,1.657001
1/30/2014,1.655903
1/31/2014,1.649838
2/3/2014,1.643791
2/4/2014,1.630896
2/5/2014,1.633053
2/6/2014,1.632706
2/7/2014,1.6322
2/10/2014,1.641039
2/11/2014,1.640877
2/12/2014,1.644872
2/13/2014,1.660992
2/14/2014,1.665723
2/17/2014,1.676137
2/18/2014,1.671989
2/19/2014,1.668613
2/20/2014,1.667584
2/21/2014,1.666167
2/24/2014,1.66334
2/25/2014,1.665695
2/26/2014,1.667723
2/27/2014,1.666833
2/28/2014,1.669198
3/3/2014,1.672912
3/4/2014,1.666833
3/5/2014,1.666694
3/6/2014,1.671905
3/7/2014,1.674173
3/10/2014,1.673108
3/11/2014,1.664004
3/12/2014,1.662068
3/13/2014,1.662124
3/14/2014,1.662511
3/17/2014,1.664253
3/18/2014,1.663921
3/19/2014,1.659806
3/20/2014,1.653904
3/21/2014,1.650873
3/24/2014,1.649022
3/25/2014,1.649838
3/26/2014,1.653302
3/27/2014,1.657687
3/28/2014,1.660799
3/31/2014,1.664392
4/1/2014,1.666639
4/2/2014,1.663312
4/3/2014,1.662732
4/4/2014,1.659889
4/7/2014,1.657907
4/8/2014,1.661047
4/9/2014,1.675014
4/10/2014,1.679995
4/11/2014,1.67774
4/14/2014,1.672968
4/15/2014,1.672912
4/16/2014,1.672548
4/17/2014,1.680588
4/18/2014,1.678669
4/21/2014,1.679177
4/22/2014,1.679289
4/23/2014,1.68268
4/24/2014,1.6785
4/25/2014,1.680955
4/28/2014,1.680559
4/29/2014,1.681011
4/30/2014,1.682425
5/1/2014,1.68765
5/2/2014,1.689532
5/5/2014,1.687906
5/6/2014,1.686995
5/7/2014,1.697678
5/8/2014,1.695548
5/9/2014,1.693537
5/12/2014,1.686028
5/13/2014,1.687365
5/14/2014,1.683417
5/15/2014,1.677008
5/16/2014,1.679543
5/19/2014,1.682425
5/20/2014,1.68169
5/21/2014,1.683728
5/22/2014,1.689703
5/23/2014,1.686739
5/26/2014,1.683417
5/27/2014,1.684381
5/28/2014,1.681209
5/29/2014,1.671598
5/30/2014,1.672436
6/2/2014,1.675659
6/3/2014,1.674593
6/4/2014,1.674117
6/5/2014,1.674004
6/6/2014,1.681011
6/9/2014,1.680192
6/10/2014,1.68039
6/11/2014,1.675323
6/12/2014,1.678979
6/13/2014,1.695893
6/16/2014,1.697793
6/17/2014,1.69785
6/18/2014,1.695979
6/19/2014,1.699871
6/20/2014,1.704013
6/23/2014,1.702272
6/24/2014,1.702533
6/25/2014,1.698052
6/26/2014,1.6986
6/27/2014,1.702533
6/30/2014,1.703403
7/1/2014,1.710981
7/2/2014,1.714854
7/3/2014,1.71609
7/4/2014,1.715266
7/7/2014,1.715148
7/8/2014,1.713444
7/9/2014,1.714031
7/10/2014,1.715855
7/11/2014,1.713091
7/14/2014,1.712299
7/15/2014,1.708788
7/16/2014,1.714384
7/17/2014,1.713972
7/18/2014,1.709519
7/21/2014,1.70911
7/22/2014,1.707359
7/23/2014,1.706543
7/24/2014,1.7041
7/25/2014,1.699178
7/28/2014,1.698197
7/29/2014,1.698456
7/30/2014,1.694743
7/31/2014,1.691017
8/1/2014,1.689161
8/4/2014,1.682992
8/5/2014,1.686767
8/6/2014,1.687821
8/7/2014,1.685488
8/8/2014,1.682992
8/11/2014,1.677711
8/12/2014,1.678754
8/13/2014,1.6807
8/14/2014,1.668975
8/15/2014,1.668669
8/18/2014,1.672017
8/19/2014,1.672353
8/20/2014,1.662151
8/21/2014,1.660027
8/22/2014,1.65799
8/25/2014,1.655191
8/26/2014,1.657028
8/27/2014,1.65478
8/28/2014,1.657633
8/29/2014,1.658953
9/1/2014,1.659255
9/2/2014,1.661599
9/3/2014,1.646877
9/4/2014,1.646199
9/5/2014,1.629408
9/8/2014,1.621245
9/9/2014,1.609503
9/10/2014,1.612461
9/11/2014,1.620089
9/12/2014,1.625197
9/15/2014,1.625805
9/16/2014,1.622902
9/17/2014,1.626598
9/18/2014,1.62681
9/19/2014,1.643709
9/22/2014,1.631987
9/23/2014,1.637197
9/24/2014,1.639371
9/25/2014,1.632413
9/26/2014,1.633133
9/29/2014,1.623825
9/30/2014,1.62422
10/1/2014,1.621376
10/2/2014,1.619223
10/3/2014,1.616005
10/6/2014,1.596398
10/7/2014,1.60751
10/8/2014,1.608907
10/9/2014,1.616292
10/10/2014,1.612279
10/13/2014,1.609295
10/14/2014,1.606684
10/15/2014,1.589143
10/16/2014,1.599207
10/17/2014,1.609606
10/20/2014,1.609218
10/21/2014,1.615901
10/22/2014,1.6115
10/23/2014,1.604493
10/24/2014,1.60295
10/27/2014,1.609295
10/28/2014,1.612487
10/29/2014,1.614283
10/30/2014,1.600563
10/31/2014,1.600102
11/3/2014,1.597368
11/4/2014,1.597878
11/5/2014,1.60064
11/6/2014,1.596475
11/7/2014,1.584133
11/10/2014,1.588512
11/11/2014,1.585339
11/12/2014,1.59261
11/13/2014,1.576889
11/14/2014,1.570228
11/17/2014,1.566637
11/18/2014,1.564089
11/19/2014,1.562866
11/20/2014,1.567349
11/21/2014,1.569489
11/24/2014,1.564872
11/25/2014,1.569711
11/26/2014,1.572105
11/27/2014,1.578906
11/28/2014,1.572475
12/1/2014,1.561207
12/2/2014,1.57344
12/3/2014,1.564651
12/4/2014,1.569415
12/5/2014,1.567865
12/8/2014,1.556566
12/9/2014,1.565166
12/10/2014,1.5688
12/11/2014,1.574704
12/12/2014,1.572253
12/15/2014,1.572797
12/16/2014,1.564529
12/17/2014,1.57453
12/18/2014,1.557341
12/19/2014,1.567005
12/22/2014,1.562964
12/23/2014,1.557778
12/24/2014,1.552217
12/25/2014,1.556202
12/26/2014,1.556202
12/29/2014,1.555355
12/30/2014,1.55159
12/31/2014,1.556905
1/1/2015,1.558094
1/2/2015,1.557972
1/5/2015,1.528491
1/6/2015,1.525832
1/7/2015,1.513798
1/8/2015,1.510757
1/9/2015,1.508796
1/12/2015,1.518949
1/13/2015,1.517036
1/14/2015,1.517036
1/15/2015,1.523438
1/16/2015,1.518119
1/19/2015,1.514211
1/20/2015,1.509001
1/21/2015,1.514738
1/22/2015,1.514486
1/23/2015,1.501321
1/26/2015,1.499588
1/27/2015,1.508546
1/28/2015,1.51881
1/29/2015,1.514234
1/30/2015,1.507909
2/2/2015,1.508705
2/3/2015,1.50281
2/4/2015,1.514211
2/5/2015,1.518003
2/6/2015,1.532591
2/9/2015,1.523902
2/10/2015,1.521607
2/11/2015,1.526205
2/12/2015,1.524274
2/13/2015,1.539196
2/16/2015,1.540049
2/17/2015,1.535627
2/18/2015,1.535344
2/19/2015,1.543901
2/20/2015,1.541996
2/23/2015,1.538911
2/24/2015,1.545237
2/25/2015,1.545906
2/26/2015,1.552891
2/27/2015,1.541806
3/2/2015,1.540618
3/3/2015,1.53591
3/4/2015,1.536665
3/5/2015,1.526508
3/6/2015,1.524762
3/9/2015,1.505775
3/10/2015,1.510483
3/11/2015,1.508205
3/12/2015,1.493295
3/13/2015,1.489403
3/16/2015,1.475579
3/17/2015,1.48258
3/18/2015,1.475209
3/19/2015,1.4962
3/20/2015,1.476167
3/23/2015,1.494322
3/24/2015,1.495193
3/25/2015,1.483393
3/26/2015,1.487741
3/27/2015,1.48584
3/30/2015,1.488583
3/31/2015,1.480911
4/1/2015,1.482953
4/2/2015,1.483679
4/3/2015,1.483063
4/6/2015,1.493072
4/7/2015,1.48907
4/8/2015,1.482382
4/9/2015,1.487852
4/10/2015,1.471497
4/13/2015,1.464064
4/14/2015,1.466792
4/15/2015,1.477192
4/16/2015,1.482844
4/17/2015,1.492181
4/20/2015,1.496827
4/21/2015,1.49098
4/22/2015,1.493563
4/23/2015,1.503759
4/24/2015,1.505208
4/27/2015,1.517658
4/28/2015,1.522371
4/29/2015,1.533484
4/30/2015,1.542686
5/1/2015,1.535462
5/4/2015,1.51467
5/5/2015,1.512287
5/6/2015,1.517428
5/7/2015,1.524204
5/8/2015,1.540713
5/11/2015,1.5434
5/12/2015,1.557705
5/13/2015,1.567103
5/14/2015,1.57401
5/15/2015,1.577212
5/18/2015,1.574605
5/19/2015,1.566367
5/20/2015,1.551614
5/21/2015,1.554291
5/22/2015,1.566392
5/25/2015,1.547508
5/26/2015,1.547221
5/27/2015,1.539859
5/28/2015,1.535014
5/29/2015,1.53191
6/1/2015,1.528888
6/2/2015,1.519988
6/3/2015,1.533978
6/4/2015,1.532661
6/5/2015,1.5365
6/8/2015,1.526788
6/9/2015,1.53459
6/10/2015,1.539409
6/11/2015,1.549691
6/12/2015,1.550893
6/15/2015,1.556154
6/16/2015,1.5596
6/17/2015,1.563966
6/18/2015,1.584811
6/19/2015,1.587881
6/22/2015,1.588512
6/23/2015,1.58293
6/24/2015,1.574109
6/25/2015,1.570993
6/26/2015,1.574506
6/29/2015,1.569317
6/30/2015,1.573193
7/1/2015,1.568701
7/2/2015,1.560501
7/3/2015,1.561305
7/6/2015,1.555597
7/7/2015,1.560208
7/8/2015,1.546288
7/9/2015,1.536996
7/10/2015,1.537397
7/13/2015,1.55159
7/14/2015,1.548227
7/15/2015,1.563697
7/16/2015,1.563404
7/17/2015,1.561305
7/20/2015,1.560038
7/21/2015,1.55739
7/22/2015,1.555597
7/23/2015,1.561402
7/24/2015,1.551952
7/27/2015,1.552289
7/28/2015,1.55642
7/29/2015,1.56111
7/30/2015,1.560208
7/31/2015,1.560428
8/3/2015,1.562695
8/4/2015,1.559041
8/5/2015,1.556905
8/6/2015,1.560598
8/7/2015,1.551422
8/10/2015,1.549403
8/11/2015,1.558531
8/12/2015,1.558409
8/13/2015,1.561597
8/14/2015,1.561792
8/17/2015,1.56519
8/18/2015,1.558506
8/19/2015,1.56649
8/20/2015,1.568308
8/21/2015,1.569095
8/24/2015,1.567791
8/25/2015,1.576293
8/26/2015,1.569588
8/27/2015,1.548203
8/28/2015,1.541402
8/31/2015,1.541806
9/1/2015,1.536311
9/2/2015,1.530526
9/3/2015,1.530807
9/4/2015,1.526205
9/7/2015,1.520103
9/8/2015,1.528304
9/9/2015,1.540191
9/10/2015,1.535792
9/11/2015,1.544211
9/14/2015,1.544807
9/15/2015,1.54271
9/16/2015,1.534495
9/17/2015,1.551807
9/18/2015,1.556905
9/21/2015,1.552891
9/22/2015,1.55082
9/23/2015,1.535391
9/24/2015,1.525204
9/25/2015,1.522696
9/28/2015,1.520173
9/29/2015,1.516507
9/30/2015,1.515795
10/1/2015,1.512402
10/2/2015,1.513913
10/5/2015,1.51941
10/6/2015,1.515496
10/7/2015,1.522603
10/8/2015,1.531558
10/9/2015,1.535132
10/12/2015,1.532309
10/13/2015,1.533789
10/14/2015,1.525809
10/15/2015,1.548012
10/16/2015,1.547197
10/19/2015,1.543805
10/20/2015,1.547197
10/21/2015,1.544903
10/22/2015,1.542448
10/23/2015,1.538367
10/26/2015,1.531745
10/27/2015,1.535792
10/28/2015,1.5313
10/29/2015,1.527184
10/30/2015,1.532379
11/2/2015,1.544163
11/3/2015,1.542401
11/4/2015,1.541925
11/5/2015,1.539006
11/6/2015,1.521005
11/9/2015,1.505503
11/10/2015,1.512104
11/11/2015,1.51389
11/12/2015,1.52251
11/13/2015,1.523461
11/16/2015,1.521792
11/17/2015,1.520496
11/18/2015,1.522001
11/19/2015,1.523926
11/20/2015,1.528818
11/23/2015,1.518995
11/24/2015,1.512905
11/25/2015,1.508591
11/26/2015,1.512356
11/27/2015,1.509981
11/30/2015,1.503895
12/1/2015,1.505797
12/2/2015,1.507795
12/3/2015,1.494902
12/4/2015,1.5135
12/7/2015,1.511259
12/8/2015,1.505027
12/9/2015,1.501006
12/10/2015,1.518395
12/11/2015,1.516093
12/14/2015,1.519896
12/15/2015,1.51607
12/16/2015,1.50437
12/17/2015,1.497791
12/18/2015,1.492961
12/21/2015,1.490824
12/22/2015,1.489691
12/23/2015,1.482338
12/24/2015,1.487697
12/25/2015,1.491424
12/28/2015,1.493206
12/29/2015,1.489403
12/30/2015,1.482228
12/31/2015,1.481921
1/1/2016,1.473839
1/4/2016,1.473709
1/5/2016,1.47141
1/6/2016,1.467394
1/7/2016,1.462994
1/8/2016,1.462694
1/11/2016,1.452496
1/12/2016,1.454397
1/13/2016,1.443626
1/14/2016,1.440798
1/15/2016,1.44271
1/18/2016,1.427409
1/19/2016,1.425314
1/20/2016,1.418239
1/21/2016,1.41985
1/22/2016,1.422678
1/25/2016,1.426005
1/26/2016,1.424299
1/27/2016,1.434309
1/28/2016,1.424907
1/29/2016,1.436204
2/1/2016,1.424603
2/2/2016,1.442793
2/3/2016,1.440922
2/4/2016,1.458576
2/5/2016,1.458109
2/8/2016,1.45121
2/9/2016,1.443606
2/10/2016,1.446592
2/11/2016,1.452644
2/12/2016,1.448226
2/15/2016,1.4518
2/16/2016,1.445922
2/17/2016,1.43039
2/18/2016,1.428163
2/19/2016,1.433322
2/22/2016,1.426595
2/23/2016,1.414807
2/24/2016,1.401345
2/25/2016,1.392952
2/26/2016,1.396648
2/29/2016,1.386194
3/1/2016,1.392796
3/2/2016,1.396394
3/3/2016,1.408094
3/4/2016,1.417495
3/7/2016,1.421504
3/8/2016,1.426127
3/9/2016,1.420858
3/10/2016,1.420697
3/11/2016,1.428776
3/14/2016,1.438001
3/15/2016,1.428204
3/16/2016,1.415629
3/17/2016,1.425517
3/18/2016,1.447807
3/21/2016,1.446801
3/22/2016,1.437009
3/23/2016,1.422495
3/24/2016,1.411692
3/25/2016,1.413008
3/28/2016,1.413108
3/29/2016,1.42633
3/30/2016,1.438642
3/31/2016,1.437401
4/1/2016,1.436699
4/4/2016,1.422455
4/5/2016,1.426493
4/6/2016,1.415629
4/7/2016,1.413807
4/8/2016,1.405797
4/11/2016,1.413008
4/12/2016,1.423406
4/13/2016,1.4269
4/14/2016,1.419205
4/15/2016,1.414607
4/18/2016,1.417434
4/19/2016,1.42898
4/20/2016,1.438952
4/21/2016,1.433897
4/22/2016,1.432295
4/25/2016,1.444669
4/26/2016,1.449065
4/27/2016,1.457726
4/28/2016,1.454207
4/29/2016,1.461134
5/2/2016,1.46028
5/3/2016,1.466598
5/4/2016,1.455096
5/5/2016,1.450705
5/6/2016,1.449275
5/9/2016,1.443085
5/10/2016,1.441545
5/11/2016,1.445149
5/12/2016,1.443835
5/13/2016,1.444523
5/16/2016,1.434926
5/17/2016,1.44469
5/18/2016,1.445525
5/19/2016,1.45962
5/20/2016,1.46011
5/23/2016,1.449065
5/24/2016,1.448184
5/25/2016,1.461262
5/26/2016,1.469832
5/27/2016,1.466491
5/30/2016,1.462651
5/31/2016,1.463507
6/1/2016,1.448247
6/2/2016,1.44194
6/3/2016,1.440549
6/6/2016,1.438394
6/7/2016,1.445922
6/8/2016,1.454355
6/9/2016,1.451842
6/10/2016,1.446383
6/13/2016,1.418882
6/14/2016,1.420676
6/15/2016,1.41237
6/16/2016,1.419587
6/17/2016,1.429572
6/20/2016,1.458598
6/21/2016,1.467502
6/22/2016,1.467029
6/23/2016,1.47894
6/24/2016,1.455795
6/27/2016,1.345098
6/28/2016,1.323504
6/29/2016,1.335096
6/30/2016,1.346584
7/1/2016,1.332871
7/4/2016,1.328992
7/5/2016,1.327986
7/6/2016,1.29579
7/7/2016,1.292591
7/8/2016,1.291573
7/11/2016,1.294616
7/12/2016,1.298111
7/13/2016,1.327827
7/14/2016,1.311974
7/15/2016,1.335791
7/18/2016,1.322961
7/19/2016,1.326893
7/20/2016,1.310839
7/21/2016,1.326453
7/22/2016,1.324609
7/25/2016,1.312973
7/26/2016,1.310788
7/27/2016,1.315288
7/28/2016,1.323784
7/29/2016,1.316188
8/1/2016,1.321633
8/2/2016,1.318548
8/3/2016,1.333778
8/4/2016,1.3328
8/5/2016,1.312922
8/8/2016,1.308575
8/9/2016,1.303237
8/10/2016,1.300712
8/11/2016,1.302016
8/12/2016,1.295488
8/15/2016,1.290989
8/16/2016,1.288311
8/17/2016,1.303373
8/18/2016,1.304461
8/19/2016,1.316656
8/22/2016,1.305602
8/23/2016,1.313715
8/24/2016,1.319609
8/25/2016,1.323452
8/26/2016,1.319435
8/29/2016,1.312853
8/30/2016,1.310788
8/31/2016,1.309072
9/1/2016,1.31337
9/2/2016,1.327492
9/5/2016,1.329434
9/6/2016,1.331381
9/7/2016,1.342102
9/8/2016,1.333867
9/9/2016,1.331026
9/12/2016,1.327316
9/13/2016,1.333867
9/14/2016,1.319435
9/15/2016,1.326436
9/16/2016,1.324767
9/19/2016,1.301626
9/20/2016,1.304461
9/21/2016,1.298533
9/22/2016,1.303611
9/23/2016,1.308729
9/26/2016,1.297858
9/27/2016,1.29695
9/28/2016,1.301236
9/29/2016,1.303951
9/30/2016,1.296344
10/3/2016,1.293159
10/4/2016,1.284852
10/5/2016,1.273237
10/6/2016,1.27551
10/7/2016,1.240233
10/10/2016,1.243472
10/11/2016,1.234111
10/12/2016,1.227898
10/13/2016,1.218769
10/14/2016,1.222195
10/17/2016,1.218324
10/18/2016,1.221896
10/19/2016,1.230466
10/20/2016,1.228954
10/21/2016,1.22564
10/24/2016,1.221911
10/25/2016,1.221747
10/26/2016,1.217582
10/27/2016,1.223541
10/28/2016,1.217137
10/31/2016,1.221598
11/1/2016,1.223691
11/2/2016,1.223855
11/3/2016,1.230466
11/4/2016,1.246883
11/7/2016,1.248907
11/8/2016,1.239926
11/9/2016,1.23885
11/10/2016,1.242082
11/11/2016,1.255335
11/14/2016,1.257387
11/15/2016,1.252035
11/16/2016,1.24564
11/17/2016,1.244245
11/18/2016,1.241003
11/21/2016,1.232438
11/22/2016,1.249375
11/23/2016,1.24239
11/24/2016,1.243317
11/25/2016,1.245283
11/28/2016,1.248128
11/29/2016,1.241157
11/30/2016,1.249219
12/1/2016,1.251721
12/2/2016,1.25897
12/5/2016,1.266785
12/6/2016,1.272848
12/7/2016,1.267106
12/8/2016,1.262786
12/9/2016,1.258495
12/12/2016,1.259763
12/13/2016,1.267588
12/14/2016,1.266304
12/15/2016,1.253824
12/16/2016,1.24239
12/19/2016,1.248907
12/20/2016,1.239004
12/21/2016,1.236552
12/22/2016,1.235483
12/23/2016,1.228501
12/26/2016,1.228954
12/27/2016,1.227596
12/28/2016,1.227596
12/29/2016,1.222494
12/30/2016,1.228803
1/2/2017,1.234903
1/3/2017,1.228199
1/4/2017,1.22456
1/5/2017,1.232681
1/6/2017,1.242545
1/9/2017,1.226091
1/10/2017,1.217345
1/11/2017,1.217434
1/12/2017,1.221449
1/13/2017,1.216545
1/16/2017,1.203935
1/17/2017,1.204021
1/18/2017,1.238804
1/19/2017,1.225971
1/20/2017,1.233837
1/23/2017,1.238697
1/24/2017,1.251721
1/25/2017,1.253306
1/26/2017,1.263408
1/27/2017,1.259541
1/30/2017,1.259192
1/31/2017,1.25
2/1/2017,1.25897
2/2/2017,1.266143
2/3/2017,1.252003
2/6/2017,1.248424
2/7/2017,1.246836
2/8/2017,1.249625
2/9/2017,1.252803
2/10/2017,1.249812
2/13/2017,1.248455
2/14/2017,1.252301
2/15/2017,1.247038
2/16/2017,1.246976
2/17/2017,1.248923
2/20/2017,1.243394
2/21/2017,1.247334
2/22/2017,1.248704
2/23/2017,1.245377
2/24/2017,1.255619
2/27/2017,1.239956
2/28/2017,1.243936
3/1/2017,1.237808
3/2/2017,1.22722
3/3/2017,1.227476
3/6/2017,1.230012
3/7/2017,1.22429
3/8/2017,1.22045
3/9/2017,1.21773
3/10/2017,1.215732
3/13/2017,1.217137
3/14/2017,1.220599
3/15/2017,1.215746
3/16/2017,1.228426
3/17/2017,1.235117
3/20/2017,1.238451
3/21/2017,1.236705
3/22/2017,1.248206
3/23/2017,1.247505
3/24/2017,1.251878
3/27/2017,1.251455
3/28/2017,1.255792
3/29/2017,1.242143
3/30/2017,1.244044
3/31/2017,1.247847
4/3/2017,1.254076
4/4/2017,1.249219
4/5/2017,1.243998
4/6/2017,1.248907
4/7/2017,1.246867
4/10/2017,1.237517
4/11/2017,1.242545
4/12/2017,1.249235
4/13/2017,1.254989
4/14/2017,1.250782
4/17/2017,1.25351
4/18/2017,1.255777
4/19/2017,1.284456
4/20/2017,1.278233
4/21/2017,1.280197
4/24/2017,1.282627
4/25/2017,1.277661
4/26/2017,1.283236
4/27/2017,1.284835
4/28/2017,1.289358
5/1/2017,1.293159
5/2/2017,1.28974
5/3/2017,1.294163
5/4/2017,1.287167
5/5/2017,1.292491
5/8/2017,1.296563
5/9/2017,1.294331
5/10/2017,1.29485
5/11/2017,1.293059
5/12/2017,1.289158
5/15/2017,1.28866
5/16/2017,1.290306
5/17/2017,1.291689
5/18/2017,1.297017
5/19/2017,1.29584
5/22/2017,1.301219
5/23/2017,1.299528
5/24/2017,1.295656
5/25/2017,1.298027
5/26/2017,1.293326
5/29/2017,1.281427
5/30/2017,1.281411
5/31/2017,1.280902
6/1/2017,1.287548
6/2/2017,1.288826
6/5/2017,1.287001
6/6/2017,1.290739
6/7/2017,1.290672
6/8/2017,1.29621
6/9/2017,1.272297
6/12/2017,1.273918
6/13/2017,1.266978
6/14/2017,1.275055
6/15/2017,1.275445
6/16/2017,1.275836
6/19/2017,1.277955
6/20/2017,1.273237
6/21/2017,1.263248
6/22/2017,1.267572
6/23/2017,1.267813
6/26/2017,1.27434
6/27/2017,1.272459
6/28/2017,1.281296
6/29/2017,1.294147
6/30/2017,1.301118
7/3/2017,1.301643
7/4/2017,1.294867
7/5/2017,1.293494
7/6/2017,1.293176
7/7/2017,1.297353
7/10/2017,1.289125
7/11/2017,null
7/12/2017,1.285959
7/13/2017,1.289374
7/14/2017,1.294716
7/17/2017,1.311131
7/18/2017,1.305313
7/19/2017,1.303866
7/20/2017,1.303271
7/21/2017,1.296546
7/24/2017,1.300475
7/25/2017,1.303101
7/26/2017,1.302762
7/27/2017,1.311475
7/28/2017,1.307668
7/31/2017,1.314492
8/1/2017,1.31954
8/2/2017,1.320795
8/3/2017,1.322839
8/4/2017,1.314406
8/7/2017,1.3047
8/8/2017,1.303781
8/9/2017,1.298617
8/10/2017,1.301406
8/11/2017,1.297673
8/14/2017,1.300593
8/15/2017,1.296512
8/16/2017,1.286703
8/17/2017,1.289158
8/18/2017,1.286505
8/21/2017,1.287366
8/22/2017,1.289823
8/23/2017,1.282397
8/24/2017,1.280377
8/25/2017,1.280393
8/28/2017,1.290522
8/29/2017,1.292708
8/30/2017,1.292658
8/31/2017,1.292056
9/1/2017,1.294163
9/4/2017,1.296512
9/5/2017,1.292407
9/6/2017,1.304121
9/7/2017,1.304972
9/8/2017,1.310479
9/11/2017,1.319766
9/12/2017,1.316968
9/13/2017,1.328921
9/14/2017,1.320603
9/15/2017,1.339908
9/18/2017,1.357515
9/19/2017,1.351662
9/20/2017,1.351534
9/21/2017,1.348963
9/22/2017,1.357976
9/25/2017,1.350731
9/26/2017,1.347782
9/27/2017,1.344809
9/28/2017,1.33989
9/29/2017,1.343021
10/2/2017,1.339405
10/3/2017,1.327563
10/4/2017,1.324118
10/5/2017,1.323276
10/6/2017,1.311269
10/9/2017,1.308404
10/10/2017,1.314406
10/11/2017,1.321109
10/12/2017,1.323977
10/13/2017,1.326436
10/16/2017,1.328886
10/17/2017,1.325293
10/18/2017,1.319487
10/19/2017,1.321301
10/20/2017,1.315063
10/23/2017,1.318983
10/24/2017,1.320655
10/25/2017,1.313198
10/26/2017,1.327351
10/27/2017,1.313025
10/30/2017,1.313405
10/31/2017,1.321248
11/1/2017,1.329222
11/2/2017,1.325539
11/3/2017,1.30533
11/6/2017,1.308044
11/7/2017,1.317506
11/8/2017,1.317211
11/9/2017,1.311303
11/10/2017,1.31444
11/13/2017,1.312026
11/14/2017,1.312336
11/15/2017,1.315789
11/16/2017,null
11/17/2017,1.320045
11/20/2017,1.320271
11/21/2017,1.324503
11/22/2017,1.324556
11/23/2017,1.331682
11/24/2017,1.330672
11/27/2017,1.332445
11/28/2017,1.332232
11/29/2017,1.336541
11/30/2017,1.341724
12/1/2017,1.352997
12/4/2017,1.3494
12/5/2017,1.347527
12/6/2017,1.341526
12/7/2017,1.339226
12/8/2017,1.348436
12/11/2017,1.339208
12/12/2017,1.334935
12/13/2017,1.331948
12/14/2017,1.340968
12/15/2017,1.343292
12/18/2017,1.331735
12/19/2017,1.338079
12/20/2017,1.338688
12/21/2017,1.337202
12/22/2017,1.338043
12/25/2017,1.336505
12/26/2017,1.337614
12/27/2017,1.337471
12/28/2017,1.340393
12/29/2017,1.344086
1/1/2018,1.351607
1/2/2018,1.351132
1/3/2018,1.359619
1/4/2018,1.351132
1/5/2018,1.355289
1/8/2018,1.357589
1/9/2018,1.357128
1/10/2018,1.353235
1/11/2018,1.351278
1/12/2018,1.354188
1/15/2018,1.373306
1/16/2018,1.379824
1/17/2018,1.379881
1/18/2018,1.382801
1/19/2018,1.389468
1/22/2018,1.389159
1/23/2018,1.398484
1/24/2018,1.401738
1/25/2018,1.422091
1/26/2018,1.415027
1/29/2018,1.414927
1/30/2018,1.407658
1/31/2018,1.415588
2/1/2018,1.420051
2/2/2018,1.426676
2/5/2018,1.411134
2/6/2018,1.394369
2/7/2018,1.395868
2/8/2018,1.387925
2/9/2018,1.393495
2/12/2018,1.382743
2/13/2018,1.385233
2/14/2018,1.388696
2/15/2018,1.401581
2/16/2018,1.410417
2/19/2018,1.403154
2/20/2018,1.399267
2/21/2018,1.400109
2/22/2018,1.391014
2/23/2018,1.395303
2/26/2018,1.396804
2/27/2018,1.396648
2/28/2018,1.390608
3/1/2018,1.375421
3/2/2018,1.377543
3/5/2018,1.379501
3/6/2018,1.385233
3/7/2018,1.390009
3/8/2018,1.390627
3/9/2018,1.380567
3/12/2018,1.38554
3/13/2018,1.390763
3/14/2018,1.397233
3/15/2018,1.397155
3/16/2018,1.393864
3/19/2018,1.39435
3/20/2018,1.402525
3/21/2018,1.400482
3/22/2018,1.414627
3/23/2018,1.411472
3/26/2018,1.414767
3/27/2018,1.423893
3/28/2018,1.417635
3/29/2018,1.408034
3/30/2018,1.402938
4/2/2018,1.403824
4/3/2018,1.404672
4/4/2018,1.406865
4/5/2018,1.408808
4/6/2018,1.400874
4/9/2018,1.409165
4/10/2018,1.413827
4/11/2018,1.418218
4/12/2018,1.418903
4/13/2018,1.423812
4/16/2018,1.424684
4/17/2018,1.434206
4/18/2018,1.429654
4/19/2018,1.420434
4/20/2018,1.408649
4/23/2018,1.400168
4/24/2018,1.393825
4/25/2018,1.399384
4/26/2018,1.393922
4/27/2018,1.391943
4/30/2018,1.377107
5/1/2018,1.377221
5/2/2018,1.360933
5/3/2018,1.357386
5/4/2018,1.357239
5/7/2018,1.353198
5/8/2018,1.357036
5/9/2018,1.355344
5/10/2018,1.354463
5/11/2018,1.352338
5/14/2018,1.355381
5/15/2018,1.356245
5/16/2018,1.35002
5/17/2018,1.35483
5/18/2018,1.351534
5/21/2018,1.347709
5/22/2018,1.343183
5/23/2018,1.344104
5/24/2018,1.337131
5/25/2018,1.338348
5/28/2018,1.330902
5/29/2018,1.331558
5/30/2018,1.325381
5/31/2018,1.328356
6/1/2018,1.328939
6/4/2018,1.335648
6/5/2018,1.331647
6/6/2018,1.340608
6/7/2018,1.342156
6/8/2018,1.341922
6/11/2018,1.341382
6/12/2018,1.337435
6/13/2018,1.337256
6/14/2018,1.338276
6/15/2018,1.325662
6/18/2018,1.32751
6/19/2018,1.325873
6/20/2018,1.317332
6/21/2018,1.317523
6/22/2018,1.324784
6/25/2018,1.326242
6/26/2018,1.327845
6/27/2018,1.322104
6/28/2018,1.312043
6/29/2018,1.307514
7/2/2018,1.320777
7/3/2018,1.314406
7/4/2018,1.319435
7/5/2018,1.322926
7/6/2018,1.322576
7/9/2018,1.329787
7/10/2018,1.325557
7/11/2018,1.325732
7/12/2018,1.321004
7/13/2018,1.318044
7/16/2018,1.322769
7/17/2018,1.323644
7/18/2018,1.310616
7/19/2018,1.307822
7/20/2018,1.302304
7/23/2018,1.314717
7/24/2018,1.310273
7/25/2018,1.315218
7/26/2018,1.319958
7/27/2018,1.310874
7/30/2018,1.311183
7/31/2018,1.313543
8/1/2018,1.312164
8/2/2018,1.312612
8/3/2018,1.301812
8/6/2018,1.300356
8/7/2018,1.294498
8/8/2018,1.294666
8/9/2018,1.288162
8/10/2018,1.282841
8/13/2018,1.275885
8/14/2018,1.276275
8/15/2018,1.271779
8/16/2018,1.26939
8/17/2018,1.271456
8/20/2018,1.274714
8/21/2018,1.280426
8/22/2018,1.290556
8/23/2018,1.290473
8/24/2018,1.281066
8/27/2018,1.286091
8/28/2018,1.289674
8/29/2018,1.286769
8/30/2018,1.303594
8/31/2018,1.301101
9/3/2018,1.292307
9/4/2018,1.286902
9/5/2018,1.285843
9/6/2018,1.291489
9/7/2018,1.292541
9/10/2018,1.293025
9/11/2018,1.302643
9/12/2018,1.301558
9/13/2018,1.304546
9/14/2018,1.311131
9/17/2018,1.307326
9/18/2018,1.314631
9/19/2018,1.316846
9/20/2018,1.314112
9/21/2018,1.327087
9/24/2018,1.308044
9/25/2018,1.311733
9/26/2018,1.317992
9/27/2018,1.31728
9/28/2018,1.307873
10/1/2018,1.3039
10/2/2018,1.304359
10/3/2018,1.298196
10/4/2018,1.294063
10/5/2018,1.302423
10/8/2018,1.312715
10/9/2018,1.309312
10/10/2018,1.315703
10/11/2018,1.320673
10/12/2018,1.323416
10/15/2018,1.310393
10/16/2018,1.315478
10/17/2018,1.318722
10/18/2018,1.310444
10/19/2018,1.302423
10/22/2018,1.30654
10/23/2018,1.296596
10/24/2018,1.298128
10/25/2018,1.288826
10/26/2018,1.282462
10/29/2018,1.283104
10/30/2018,1.280246
10/31/2018,1.27089
11/1/2018,1.276944
11/2/2018,1.300373
11/5/2018,1.300559
11/6/2018,1.305807
11/7/2018,1.311252
11/8/2018,1.312853
11/9/2018,1.306677
11/12/2018,1.293845
11/13/2018,1.285793
11/14/2018,1.301406
11/15/2018,1.298617
11/16/2018,1.27665
11/19/2018,1.283318
11/20/2018,1.285975
11/21/2018,1.27892
11/22/2018,1.277727
11/23/2018,1.287598
11/26/2018,1.28123
11/27/2018,1.28123
11/28/2018,1.274372
11/29/2018,1.282413
11/30/2018,1.278445
12/3/2018,1.275348
12/4/2018,1.272588
12/5/2018,1.272054
12/6/2018,1.272767
12/7/2018,1.277857
12/10/2018,1.272103
12/11/2018,1.256124
12/12/2018,1.249297
12/13/2018,1.262866
12/14/2018,1.265502
12/17/2018,1.258558
12/18/2018,1.261575
12/19/2018,1.265502
12/20/2018,1.262786
12/21/2018,1.266978
12/24/2018,1.264894
12/25/2018,1.271084
12/26/2018,1.268875
12/27/2018,1.264878
12/28/2018,1.264622
12/31/2018,1.269358
1/1/2019,1.273804
1/2/2019,1.275429
1/3/2019,1.252191
1/4/2019,1.262881
1/7/2019,1.273496
1/8/2019,1.278609
1/9/2019,1.273788
1/10/2019,1.279967
1/11/2019,1.275396
1/14/2019,1.284984
1/15/2019,1.287498
1/16/2019,1.287217
1/17/2019,1.288577
1/18/2019,1.298398
1/21/2019,1.285347
1/22/2019,1.289175
1/23/2019,1.295773
1/24/2019,1.308216
1/25/2019,1.312164
1/28/2019,1.320847
1/29/2019,1.316015
1/30/2019,1.308044
1/31/2019,1.311716
2/1/2019,1.310942
2/4/2019,1.307737
2/5/2019,1.303101
2/6/2019,1.295723
2/7/2019,1.293444
2/8/2019,1.294917
2/11/2019,1.293678
2/12/2019,1.286405
2/13/2019,1.289208
2/14/2019,1.285678
2/15/2019,1.279836
2/18/2019,1.290556
2/19/2019,1.292407
2/20/2019,1.306131
2/21/2019,1.304512
2/22/2019,1.304138
2/25/2019,1.306558
2/26/2019,1.312715
2/27/2019,1.325803
2/28/2019,1.331824
3/1/2019,1.326489
3/4/2019,1.323977
3/5/2019,1.317853
3/6/2019,1.315668
3/7/2019,1.318218
3/8/2019,1.309243
3/11/2019,1.298836
3/12/2019,1.324854
3/13/2019,1.306677
3/14/2019,1.328568
3/15/2019,1.325855
3/18/2019,1.329716
3/19/2019,1.326436
3/20/2019,1.32714
3/21/2019,1.320533
3/22/2019,1.313232
3/25/2019,1.320655
3/26/2019,1.321528
3/27/2019,1.321144
3/28/2019,1.31527
3/29/2019,1.305653
4/1/2019,1.302287
4/2/2019,1.306899
4/3/2019,1.312767
4/4/2019,1.317697
4/5/2019,1.307702
4/8/2019,1.303815
4/9/2019,1.306336
4/10/2019,1.305722
4/11/2019,1.309929
4/12/2019,1.305602
4/15/2019,1.308387
4/16/2019,1.310273
4/17/2019,1.304631
4/18/2019,1.303934
4/19/2019,1.299444
4/22/2019,1.299376
4/23/2019,1.298145
4/24/2019,1.293812
4/25/2019,1.290489
4/26/2019,1.289607
4/29/2019,1.292023
4/30/2019,1.293243
5/1/2019,1.303985
5/2/2019,1.305313
5/3/2019,1.303322
5/6/2019,1.315063
5/7/2019,1.309929
5/8/2019,1.306882
5/9/2019,1.301202
5/10/2019,1.300965
5/13/2019,1.301067
5/14/2019,1.296311
5/15/2019,1.290656
5/16/2019,1.284752
5/17/2019,1.279771
5/20/2019,1.273156
5/21/2019,1.272912
5/22/2019,null
5/23/2019,1.266416
5/24/2019,1.266464
5/27/2019,1.272475
5/28/2019,1.268231
5/29/2019,1.265967
5/30/2019,1.262945
5/31/2019,1.26097
6/3/2019,1.263951
6/4/2019,1.266416
6/5/2019,1.270277
6/6/2019,1.268858
6/7/2019,1.269841
6/10/2019,1.272297
6/11/2019,1.269116
6/12/2019,1.272443
6/13/2019,1.269342
6/14/2019,1.268006
6/17/2019,1.259604
6/18/2019,1.254154
6/19/2019,1.25666
6/20/2019,1.265663
6/21/2019,1.270793
6/24/2019,1.275087
6/25/2019,1.273966
6/26/2019,1.269068
6/27/2019,1.269841
6/28/2019,1.267748
7/1/2019,1.269454
7/2/2019,1.264462
7/3/2019,1.259827
7/4/2019,1.258273
7/5/2019,1.258305
7/8/2019,1.252552
7/9/2019,1.251643
7/10/2019,1.245858
7/11/2019,1.250813
7/12/2019,1.252348
7/15/2019,1.257197
7/16/2019,1.251799
7/17/2019,1.241203
7/18/2019,1.243472
7/19/2019,1.254186
7/22/2019,1.251283
7/23/2019,1.247489
7/24/2019,1.243905
7/25/2019,1.248595
7/26/2019,1.245345
7/29/2019,1.23767
7/30/2019,1.221747
7/31/2019,1.21616
8/1/2019,1.215377
8/2/2019,1.21243
8/5/2019,1.215214
8/6/2019,1.21582
8/7/2019,1.216974
8/8/2019,1.214329
8/9/2019,1.214373
8/12/2019,1.202198
8/13/2019,1.207875
8/14/2019,1.206418
8/15/2019,1.20604
8/16/2019,1.209161
8/19/2019,1.216101
8/20/2019,1.213151
8/21/2019,1.216234
8/22/2019,1.213224
8/23/2019,1.22519
8/26/2019,1.226242
8/27/2019,1.222195
8/28/2019,1.22832
8/29/2019,1.221852
8/30/2019,1.21865
9/2/2019,1.215924
9/3/2019,1.206666
9/4/2019,1.209044
9/5/2019,1.22489
9/6/2019,1.232392
9/9/2019,1.228305
9/10/2019,1.234537
9/11/2019,1.235483
9/12/2019,1.233471
9/13/2019,1.232939
9/16/2019,1.249734
9/17/2019,1.242854
9/18/2019,1.250266
9/19/2019,1.247054
9/20/2019,1.252505
9/23/2019,1.247194
9/24/2019,1.243456
9/25/2019,1.248595
9/26/2019,1.235956
9/27/2019,1.233198
9/30/2019,1.229317
10/1/2019,1.228999
10/2/2019,1.229226
10/3/2019,1.230436
10/4/2019,1.234233
10/7/2019,1.233441
10/8/2019,1.228803
10/9/2019,1.221956
10/10/2019,1.2213
10/11/2019,1.243317
10/14/2019,1.2619
10/15/2019,1.261177
10/16/2019,1.276064
10/17/2019,1.28238
10/18/2019,1.28686
10/21/2019,1.290023
10/22/2019,1.297168
10/23/2019,1.288477
10/24/2019,1.292324
10/25/2019,1.284027
10/28/2019,1.283203
10/29/2019,1.285744
10/30/2019,1.28667
10/31/2019,1.290173
11/1/2019,1.293962
11/4/2019,1.293761
11/5/2019,1.289158
11/6/2019,1.288062
11/7/2019,1.285678
11/8/2019,1.277999
11/11/2019,1.27964
11/12/2019,1.285843
11/13/2019,1.285215
11/14/2019,1.28538
11/15/2019,1.288178
11/18/2019,1.292123
11/19/2019,1.295085
11/20/2019,1.29295
11/21/2019,1.292708
11/22/2019,1.29199
11/25/2019,1.285347
11/26/2019,1.289724
11/27/2019,1.286091
11/28/2019,1.292992
11/29/2019,1.291289
12/2/2019,1.291289
12/3/2019,1.294063
12/4/2019,1.299782
12/5/2019,1.311131
12/6/2019,1.315841
12/9/2019,1.313957
12/10/2019,1.314579
12/11/2019,1.313129
12/12/2019,1.32001
12/13/2019,1.347527
12/16/2019,1.335327
12/17/2019,1.327246
12/18/2019,1.312215
12/19/2019,1.308729
12/20/2019,1.301744
12/23/2019,1.300542
12/24/2019,1.294498
12/25/2019,1.293494
12/26/2019,1.297353
12/27/2019,1.300221
12/30/2019,1.309192
12/31/2019,1.311303
1/1/2020,1.32626
1/2/2020,1.32503
1/3/2020,1.31527
1/6/2020,1.30801
1/7/2020,1.317003
1/8/2020,1.311372
1/9/2020,1.310513
1/10/2020,1.307019
1/13/2020,1.304563
1/14/2020,1.298819
1/15/2020,1.302253
1/16/2020,1.304121
1/17/2020,1.307873
1/20/2020,1.300728
1/21/2020,1.300559
1/22/2020,1.304802
1/23/2020,1.314475
1/24/2020,1.311992
1/27/2020,1.306182
1/28/2020,1.306012
1/29/2020,1.302456
1/30/2020,1.302202
1/31/2020,1.3089
2/3/2020,1.318166
2/4/2020,1.299748
2/5/2020,1.303271
2/6/2020,1.299714
2/7/2020,1.293025
2/10/2020,1.289158
2/11/2020,1.291823
2/12/2020,1.295656
2/13/2020,1.295756
2/14/2020,1.304682
2/17/2020,1.305296
2/18/2020,1.300898
2/19/2020,1.300221
2/20/2020,1.292825
2/21/2020,1.288328
2/24/2020,1.29537
2/25/2020,1.292658
2/26/2020,1.300339
2/27/2020,1.290689
2/28/2020,1.288892
3/2/2020,1.280705
3/3/2020,1.276715
3/4/2020,1.282084
3/5/2020,1.287498
3/6/2020,1.295068
3/9/2020,1.309929
3/10/2020,1.307531
3/11/2020,1.290972
3/12/2020,1.281821
3/13/2020,1.257024
3/16/2020,1.239987
3/17/2020,1.226663
3/18/2020,1.212165
3/19/2020,1.162534
3/20/2020,1.149439
3/23/2020,1.162304
3/24/2020,1.159555
3/25/2020,1.179204
3/26/2020,1.185115
3/27/2020,1.220063
3/30/2020,1.245319
3/31/2020,1.237164
4/1/2020,1.240849
4/2/2020,1.238237
4/3/2020,1.239495
4/6/2020,1.222016
4/7/2020,1.22405
4/8/2020,1.233867
4/9/2020,1.239311
4/10/2020,1.245485
4/13/2020,1.246106
4/14/2020,1.252395
4/15/2020,1.262626
4/16/2020,1.252097
4/17/2020,1.248782
4/20/2020,1.248751
4/21/2020,1.244276
4/22/2020,1.229861
4/23/2020,1.232392
4/24/2020,1.235224
4/27/2020,1.23666
4/28/2020,1.242267
4/29/2020,1.243565
4/30/2020,1.247147
5/1/2020,1.258147
5/4/2020,1.245423
5/5/2020,1.244555
5/6/2020,1.24442
5/7/2020,1.232559
5/8/2020,1.237593
5/11/2020,1.241742
5/12/2020,1.23335
5/13/2020,1.22549
5/14/2020,1.224155
5/15/2020,1.223391
5/18/2020,1.208576
5/19/2020,1.220003
5/20/2020,1.225595
5/21/2020,1.223691
5/22/2020,1.222345
5/25/2020,1.218606
5/26/2020,1.220137
5/27/2020,1.233502
5/28/2020,1.226482
5/29/2020,1.232149
6/1/2020,1.2348
6/2/2020,1.248704
6/3/2020,1.258147
6/4/2020,1.257514
6/5/2020,1.260907
6/8/2020,1.272572
6/9/2020,1.273528
6/10/2020,1.271133
6/11/2020,1.271068
6/12/2020,1.257703
6/15/2020,1.250876
6/16/2020,1.263775
6/17/2020,1.258511
6/18/2020,1.255272
6/19/2020,1.242684
6/22/2020,1.234812
6/23/2020,1.250156
6/24/2020,1.252489
6/25/2020,1.241295
6/26/2020,1.242545
6/29/2020,1.234217
6/30/2020,1.231057
7/1/2020,1.238927
7/2/2020,1.246479
7/3/2020,1.24664
7/6/2020,1.247552
7/7/2020,1.249547
7/8/2020,1.25428
7/9/2020,1.261352
7/10/2020,1.260509
7/13/2020,1.262751
7/14/2020,1.255178
7/15/2020,1.256929
7/16/2020,1.2591
7/17/2020,1.25595
7/20/2020,1.257118
7/21/2020,1.266175
7/22/2020,1.273075
7/23/2020,1.272993
7/24/2020,1.273075
7/27/2020,1.279591
7/28/2020,1.288975
7/29/2020,1.292374
7/30/2020,1.298246
7/31/2020,1.311785
8/3/2020,1.31017
8/4/2020,1.307873
8/5/2020,1.308609
8/6/2020,1.31268
8/7/2020,1.313802
8/10/2020,1.305227
8/11/2020,1.307719
8/12/2020,1.305074
8/13/2020,1.304802
8/14/2020,1.307053
8/17/2020,1.3107
8/18/2020,1.310788
8/19/2020,1.325399
8/20/2020,1.31108
8/21/2020,1.322034
8/24/2020,1.309415
8/25/2020,1.307138
8/26/2020,1.315218
8/27/2020,1.321982
8/28/2020,1.319958
8/31/2020,1.335648
9/1/2020,1.336452
9/2/2020,1.339944
9/3/2020,1.335131
9/4/2020,1.326225
9/7/2020,1.324574
9/8/2020,1.316222
9/9/2020,1.296849
9/10/2020,1.299917
9/11/2020,1.28083
9/14/2020,1.280656
9/15/2020,1.284967
9/16/2020,1.288477
9/17/2020,1.296
9/18/2020,1.297555
9/21/2020,1.293276
9/22/2020,1.282051
9/23/2020,1.274405
9/24/2020,1.271747
9/25/2020,1.275705
9/28/2020,1.276683
9/29/2020,1.287349
9/30/2020,1.286654
10/1/2020,1.291756
10/2/2020,1.288627
10/5/2020,1.293109
10/6/2020,1.299258
10/7/2020,1.288328
10/8/2020,1.291756
10/9/2020,1.294046
10/12/2020,1.303169
10/13/2020,1.306575
10/14/2020,1.293527
10/15/2020,1.301236
10/16/2020,1.290206
10/19/2020,1.292775
10/20/2020,1.294867
10/21/2020,1.295404
10/22/2020,1.313198
10/23/2020,1.307805
10/26/2020,1.305466
10/27/2020,1.301575
10/28/2020,1.303186
10/29/2020,1.298988
10/30/2020,1.293193
11/2/2020,1.292674
11/3/2020,1.29239
11/4/2020,1.312164
11/5/2020,1.29668
11/6/2020,1.31394
11/9/2020,1.318061
11/10/2020,1.316968
11/11/2020,1.326154
11/12/2020,1.322419
11/13/2020,1.312164
11/16/2020,1.322052
11/17/2020,1.322209
11/18/2020,1.325908
11/19/2020,1.325645
11/20/2020,1.324924
11/23/2020,1.330513
11/24/2020,1.332907
11/25/2020,1.336327
11/26/2020,1.338545
11/27/2020,1.335452
11/30/2020,1.333191
12/1/2020,1.333689
12/2/2020,1.342264
12/3/2020,1.337077
12/4/2020,1.345497
12/7/2020,1.341742
12/8/2020,1.335738
12/9/2020,1.336559
12/10/2020,1.336702
12/11/2020,1.330566
12/14/2020,1.331824
12/15/2020,1.333084
12/16/2020,1.344447
12/17/2020,1.350293
12/18/2020,1.357018
12/21/2020,1.340195
12/22/2020,1.344954
12/23/2020,1.339944
12/24/2020,1.35053
12/25/2020,1.355201
12/28/2020,1.357239
12/29/2020,1.346602
12/30/2020,1.34999
12/31/2020,1.363066
1/1/2021,1.367301
1/4/2021,1.36842
1/5/2021,1.35716
1/6/2021,1.362955
1/7/2021,1.362528
1/8/2021,1.356963
1/11/2021,1.351625
1/12/2021,1.352411
1/13/2021,1.367054
1/14/2021,1.364927
1/15/2021,1.368363
1/18/2021,1.357534
1/19/2021,1.358124
1/20/2021,1.364424
1/21/2021,1.366848
1/22/2021,1.372947
1/25/2021,1.36882
1/26/2021,1.367899
1/27/2021,1.374155
1/28/2021,1.366942
1/29/2021,1.372501
2/1/2021,1.369769
2/2/2021,1.367877
2/3/2021,1.365934
2/4/2021,1.364908
2/5/2021,1.367615
2/8/2021,1.373872
2/9/2021,1.37457
2/10/2021,1.381799
2/11/2021,1.38326
2/12/2021,1.381025
2/15/2021,1.387155
2/16/2021,1.391479
2/17/2021,1.388812
2/18/2021,1.386636
2/19/2021,1.396746
2/22/2021,1.403115
2/23/2021,1.407123
2/24/2021,1.412031
2/25/2021,1.414827
2/26/2021,1.400815
3/1/2021,1.397253
3/2/2021,1.392952
3/3/2021,1.395498
3/4/2021,1.392699
3/5/2021,1.38941
3/8/2021,1.385368
3/9/2021,1.382361
3/10/2021,1.389043
3/11/2021,1.393146
3/12/2021,1.398993
3/15/2021,1.392952
3/16/2021,1.389912
3/17/2021,1.390221
3/18/2021,1.397585
3/19/2021,1.392506
3/22/2021,1.38326
3/23/2021,1.386251
3/24/2021,1.373042
3/25/2021,1.368888
3/26/2021,1.374911
3/29/2021,1.379101
3/30/2021,1.377505
3/31/2021,1.374665
4/1/2021,1.378626
4/2/2021,1.383509
4/5/2021,1.383126
4/6/2021,1.391401
4/7/2021,1.383126
4/8/2021,1.374382
4/9/2021,1.373438
4/12/2021,1.371215
4/13/2021,1.375383
4/14/2021,1.37597
4/15/2021,1.377923
4/16/2021,1.37855
4/19/2021,1.381845
4/20/2021,1.399384
4/21/2021,1.393884
4/22/2021,1.393185
4/23/2021,1.384026
4/26/2021,1.386636
4/27/2021,1.389564
4/28/2021,1.390356
4/29/2021,1.395673
4/30/2021,1.395284
5/3/2021,1.381979
5/4/2021,1.390376
5/5/2021,1.388812
5/6/2021,1.390975
5/7/2021,1.389854
5/10/2021,1.40412
5/11/2021,1.413128
5/12/2021,1.413827
5/13/2021,1.406371
5/14/2021,1.405086
5/17/2021,1.410179
5/18/2021,1.414867
5/19/2021,1.418802
5/20/2021,1.410616
5/21/2021,1.41856
5/24/2021,1.414287
5/25/2021,1.415609
5/26/2021,1.414387
5/27/2021,1.411612
5/28/2021,1.420374
5/31/2021,1.418037
6/1/2021,1.422678
6/2/2021,1.415709
6/3/2021,1.417193
6/4/2021,1.410994
6/7/2021,1.416431
6/8/2021,1.417656
6/9/2021,1.414988
6/10/2021,1.411233
6/11/2021,1.417013
6/14/2021,1.411931
6/15/2021,1.410994
6/16/2021,1.408153
6/17/2021,1.399071
6/18/2021,1.393864
6/21/2021,1.381712
6/22/2021,1.39254
6/23/2021,1.394992
6/24/2021,1.396746
6/25/2021,1.391692
6/28/2021,1.389506
6/29/2021,1.387906
6/30/2021,1.384275
7/1/2021,1.382915
7/2/2021,1.375951
7/5/2021,1.383126
7/6/2021,1.385617
7/7/2021,1.380567
7/8/2021,1.38011
7/9/2021,1.379082
7/12/2021,1.389951
7/13/2021,1.388696
7/14/2021,1.380605
7/15/2021,1.385809
7/16/2021,1.382973
7/19/2021,1.376387
7/20/2021,1.366998
7/21/2021,1.363327
7/22/2021,1.371404
7/23/2021,1.37739
7/26/2021,1.375781
7/27/2021,1.382915
7/28/2021,1.388272
7/29/2021,1.390685
7/30/2021,1.396433
8/2/2021,1.389622
8/3/2021,1.389275
8/4/2021,1.391788
8/5/2021,1.389043
8/6/2021,1.392758
8/9/2021,1.386847
8/10/2021,1.384907
8/11/2021,1.383604
8/12/2021,1.386693
8/13/2021,1.381158
8/16/2021,1.386386
8/17/2021,1.384275
8/18/2021,1.374042
8/19/2021,1.374382
8/20/2021,1.363085
8/23/2021,1.362528
8/24/2021,1.372476
8/25/2021,1.372552
8/26/2021,1.376652
8/27/2021,1.370238
8/30/2021,1.3763
8/31/2021,1.376046
9/1/2021,1.37534
9/2/2021,1.377164
9/3/2021,1.383681
9/6/2021,1.385925
9/7/2021,1.383949
9/8/2021,1.37798
9/9/2021,1.376766
9/10/2021,1.383968
9/13/2021,1.384083
9/14/2021,1.383815
9/15/2021,1.381025
9/16/2021,1.384888
9/17/2021,1.379701
9/20/2021,1.372966
9/21/2021,1.36627
9/22/2021,1.365747
9/23/2021,1.361711
9/24/2021,1.37225
9/27/2021,1.366904
9/28/2021,1.370163
9/29/2021,1.354224
9/30/2021,1.342642
10/1/2021,1.346983
10/4/2021,1.357092
10/5/2021,1.360748
10/6/2021,1.362769
10/7/2021,1.359213
10/8/2021,1.362027
10/11/2021,1.361656
10/12/2021,1.359065
10/13/2021,1.357884
10/14/2021,1.366923
10/15/2021,1.366886
10/18/2021,1.376159
10/19/2021,1.373645
10/20/2021,1.37932
10/21/2021,1.3823
10/22/2021,1.37912
10/25/2021,1.376273
10/26/2021,1.376444
10/27/2021,1.376614
10/28/2021,1.373287
10/29/2021,1.380072
11/1/2021,1.368326
11/2/2021,1.365542
11/3/2021,1.361739
11/4/2021,1.369488
11/5/2021,1.35086
11/8/2021,1.349127
11/9/2021,1.356451
11/10/2021,1.356
11/11/2021,1.341274
11/12/2021,1.336648
11/15/2021,1.341706
11/16/2021,1.340842
11/17/2021,1.342462
11/18/2021,1.349164
11/19/2021,1.349965
11/22/2021,1.343454
11/23/2021,1.339764
11/24/2021,1.337596
11/25/2021,1.333067
11/26/2021,1.331416
11/29/2021,1.334098
11/30/2021,1.331505
12/1/2021,1.329593
12/2/2021,1.328
12/3/2021,1.329999
12/6/2021,1.323732
12/7/2021,1.326436
12/8/2021,1.324609
12/9/2021,1.321004
12/10/2021,1.322401
12/13/2021,1.325715
12/14/2021,1.321353
12/15/2021,1.323051
12/16/2021,1.326313
12/17/2021,1.332374
12/20/2021,1.322944
12/21/2021,1.321
12/22/2021,1.326964
12/23/2021,1.335203
12/24/2021,1.340662
12/27/2021,1.34043
12/28/2021,1.344267
12/29/2021,1.343328
12/30/2021,1.349879
12/31/2021,1.349837
1/3/2022,1.352228
1/4/2022,1.348327
1/5/2022,1.353143
1/6/2022,1.355565
1/7/2022,1.353363
1/10/2022,1.359231
1/11/2022,1.358031
1/12/2022,1.363327
1/13/2022,1.370999
1/14/2022,1.371366
1/17/2022,1.367353
1/18/2022,1.3648
1/19/2022,1.360026
1/20/2022,1.360859
1/21/2022,1.359767
1/24/2022,1.355583
1/25/2022,1.348927
1/26/2022,1.351078
1/27/2022,1.346801
1/28/2022,1.338832
1/31/2022,1.340339
2/1/2022,1.344538
2/2/2022,1.352539
2/3/2022,1.356502
2/4/2022,1.359841
2/7/2022,1.353345
2/8/2022,1.353781
2/9/2022,1.354757
2/10/2022,1.353327
2/11/2022,1.355179
2/14/2022,1.356963
2/15/2022,1.35329
2/16/2022,1.354115
2/17/2022,1.358493
2/18/2022,1.361878
2/21/2022,1.359342
2/22/2022,1.359601
2/23/2022,1.358936
2/24/2022,1.354573
2/25/2022,1.337327
2/28/2022,1.337327
3/1/2022,1.342282
3/2/2022,1.333511
3/3/2022,1.339692
3/4/2022,1.335096
3/7/2022,1.321248
3/8/2022,1.31123
3/9/2022,1.309929
3/10/2022,1.318565
3/11/2022,1.310324
3/14/2022,1.30503
3/15/2022,1.301185
3/16/2022,1.304649
3/17/2022,1.314112
3/18/2022,1.316041
3/21/2022,1.316084
3/22/2022,1.316829
3/23/2022,1.326647
3/24/2022,1.320603
3/25/2022,1.319575
3/28/2022,1.317627
3/29/2022,1.310358
3/30/2022,1.30938
3/31/2022,1.313888
4/1/2022,1.3147
4/4/2022,1.310376
4/5/2022,1.311458
4/6/2022,1.307737
4/7/2022,1.307207
4/8/2022,1.306933
4/11/2022,1.30322
4/12/2022,1.302423
4/13/2022,1.300255
4/14/2022,1.312026
4/15/2022,1.307002
4/18/2022,1.305756
4/19/2022,1.300982
4/20/2022,1.301372
4/21/2022,1.306882
4/22/2022,1.302626
4/25/2022,1.283088
4/26/2022,1.273999
4/27/2022,1.2584
4/28/2022,1.254186
4/29/2022,1.246385
5/2/2022,1.257387
5/3/2022,1.249828
5/4/2022,1.250041
5/5/2022,1.261814
5/6/2022,1.236415
5/9/2022,1.232666
5/10/2022,1.233882
5/11/2022,1.230921
5/12/2022,1.223421
5/13/2022,1.220614
5/16/2022,1.225851
5/17/2022,1.232483
5/18/2022,1.248439
5/19/2022,1.234583
5/20/2022,1.246215
5/23/2022,1.250406
5/24/2022,1.256755
5/25/2022,1.254296
5/26/2022,1.25861
5/27/2022,1.261734
5/30/2022,1.262834
5/31/2022,1.264702
6/1/2022,1.260891
6/2/2022,1.248315
6/3/2022,1.257925
6/6/2022,1.24923
6/7/2022,1.252348
6/8/2022,1.258732
6/9/2022,1.254029
6/10/2022,1.249297
6/13/2022,1.227491
6/14/2022,1.214477
6/15/2022,1.201259
6/16/2022,1.217434
6/17/2022,1.235483
6/20/2022,1.222823
6/21/2022,1.225175
6/22/2022,1.226663
6/23/2022,1.225085
6/24/2022,1.226076
6/27/2022,1.228245
6/28/2022,1.226738
6/29/2022,1.218977
6/30/2022,1.21318
7/1/2022,1.216086
7/4/2022,1.210273
7/5/2022,1.211446
7/6/2022,1.194914
7/7/2022,1.192321
7/8/2022,1.202805
7/11/2022,1.201663
7/12/2022,1.190094
7/13/2022,1.187775
7/14/2022,1.18638
7/15/2022,1.183964
7/18/2022,1.188834
7/19/2022,1.194829
7/20/2022,1.200351
7/21/2022,1.197175
7/22/2022,1.199616
7/25/2022,1.198696
7/26/2022,1.205516
7/27/2022,1.203688
7/28/2022,1.216308
7/29/2022,1.217345
8/1/2022,1.216737
8/2/2022,1.225415
8/3/2022,1.2143
8/4/2022,1.213828
8/5/2022,1.21585
8/8/2022,1.205953
8/9/2022,1.208474
8/10/2022,1.207423
8/11/2022,1.2213
8/12/2022,1.219616
8/15/2022,1.212797
8/16/2022,1.205691
8/17/2022,1.209819
8/18/2022,1.204515
8/19/2022,1.193275
8/22/2022,1.18181
8/23/2022,1.176651
8/24/2022,1.183278
8/25/2022,1.179176
8/26/2022,1.182401
8/29/2022,1.169454
8/30/2022,1.172251
8/31/2022,1.165977
9/1/2022,1.159851
9/2/2022,1.154894
9/5/2022,1.14746
9/6/2022,1.156644
9/7/2022,1.151185
9/8/2022,1.151981
9/9/2022,1.15216
9/12/2022,1.16194
9/13/2022,1.168975
9/14/2022,1.150616
9/15/2022,1.154494
9/16/2022,1.145265
9/19/2022,1.143314
9/20/2022,1.144322
9/21/2022,1.138058
9/22/2022,1.125594
9/23/2022,1.126418
9/26/2022,1.079739
9/27/2022,1.077284
9/28/2022,1.072754
9/29/2022,1.0836
9/30/2022,1.116944
10/3/2022,1.114057
10/4/2022,1.133414
10/5/2022,1.145134
10/6/2022,1.135538
10/7/2022,1.116208
10/10/2022,1.107273
10/11/2022,1.107641
10/12/2022,1.09678
10/13/2022,1.110556
10/14/2022,1.130391
10/17/2022,1.124417
10/18/2022,1.135396
10/19/2022,1.13443
10/20/2022,1.121101
10/21/2022,1.122146
10/24/2022,1.134469
10/25/2022,1.130774
10/26/2022,1.146224
10/27/2022,1.163819
10/28/2022,1.156604
10/31/2022,1.159595
11/1/2022,1.146815
11/2/2022,1.14895
11/3/2022,1.138433
11/4/2022,1.117119
11/7/2022,1.133157
11/8/2022,1.151795
11/9/2022,1.155268
11/10/2022,1.136816
11/11/2022,1.169563
11/14/2022,1.179913
11/15/2022,1.17525
11/16/2022,1.188044
11/17/2022,1.191526
11/18/2022,1.186015
11/21/2022,1.188637
11/22/2022,1.18276
11/23/2022,1.189457
11/24/2022,1.20735
11/25/2022,1.211343
11/28/2022,1.205473
11/29/2022,1.196029
11/30/2022,1.194686
12/1/2022,1.20775
12/2/2022,1.225926
12/5/2022,1.229725
12/6/2022,1.219245
12/7/2022,1.213301
12/8/2022,1.224455
